model,class_name,iou,dice,precision,recall,n_images
idrid_segformer_cet_1,drusen,0.0,0.0,0.0,0.0,255
idrid_segformer_cet_1,hard_exudates,0.38605660892450894,0.5039897472930042,0.5814495422298623,0.5510261583370112,800
idrid_segformer_cet_1,hemorrhages,0.2812455999846337,0.3672034934024408,0.42913994933906524,0.39857807200667655,730
idrid_segformer_cet_1,microaneurysms,0.21207341756077897,0.3008610600873577,0.5062428722660816,0.289088826937912,1587
idrid_segformer_cet_1,neovascularization,0.0,0.0,0.0,0.0,28
idrid_segformer_cet_1,soft_exudates,0.19272964432367296,0.24842598892753584,0.36333206908980237,0.23574711406778484,191
idrid_segformer_cet_1,MEAN,0.17868421179893246,0.2367467149517231,0.3133607388208019,0.24574002855823077,
idrid_segformer_cet_2,drusen,0.0,0.0,0.0,0.0,255
idrid_segformer_cet_2,hard_exudates,0.37467401457641414,0.48687152299429975,0.5971246784140521,0.5164970927919225,800
idrid_segformer_cet_2,hemorrhages,0.28679485909249935,0.37404857946102,0.42022653688442124,0.41289956948967615,730
idrid_segformer_cet_2,microaneurysms,0.21183571604263443,0.30086411971184973,0.5008122508575432,0.2978436813562318,1587
idrid_segformer_cet_2,neovascularization,0.0,0.0,0.0,0.0,28
idrid_segformer_cet_2,soft_exudates,0.21755605587732202,0.27159568594856126,0.3469910913952221,0.2606458400350533,191
idrid_segformer_cet_2,MEAN,0.18181010759814498,0.2388966513526218,0.31085909292520647,0.24798103061214727,