image,dice_hemorrhages,recall_hemorrhages,dice_microaneurysms,recall_microaneurysms,dice_hard_exudates,recall_hard_exudates,dice_soft_exudates,recall_soft_exudates
IDRiD_01_0_1024,0.0,0.0,,,,,,
IDRiD_01_0_2048,0.0,0.0,,,,,,
IDRiD_01_0_2560,0.0,0.0,0.0,0.0,,,,
IDRiD_01_1024_1024,,,,,0.0,0.0,,
IDRiD_01_1024_1536,,,,,0.0,0.0,,
IDRiD_01_1024_2048,,,0.0,0.0,0.0,0.0,,
IDRiD_01_1024_2560,0.0,0.0,0.0,0.0,0.0,0.0,,
IDRiD_01_1024_512,0.0,0.0,,,0.0,0.0,,
IDRiD_01_1536_1024,0.0,0.0,0.0,0.0,0.0,0.0,,
IDRiD_01_1536_1536,,,,,0.0,0.0,,
IDRiD_01_1536_2048,,,0.0,0.0,0.0,0.0,,
IDRiD_01_1536_2560,,,,,0.0,0.0,,
IDRiD_01_1536_512,0.0,0.0,0.0,0.0,0.0,0.0,,
IDRiD_01_2048_1024,0.0,0.0,0.0,0.0,0.0,0.0,,
IDRiD_01_2048_1536,,,,,0.0,0.0,,
IDRiD_01_2048_2048,,,0.0,0.0,0.0,0.0,,
IDRiD_01_2048_3072,,,0.0,0.0,,,,
IDRiD_01_512_1024,,,0.0,0.0,0.0,0.0,,
IDRiD_01_512_1536,0.0,0.0,,,0.0,0.0,,
IDRiD_01_512_2048,0.0,0.0,0.0,0.0,0.0,0.0,,
IDRiD_01_512_2560,0.0,0.0,,,,,,
IDRiD_02_0_1536,,,,,0.0,0.0,,
IDRiD_02_0_2048,0.0,0.0,,,0.0,0.0,,
IDRiD_02_0_2560,,,,,0.0,0.0,,
IDRiD_02_0_3072,,,,,0.0,0.0,,
IDRiD_02_1024_1024,,,,,0.0,0.0,,
IDRiD_02_1024_1536,,,,,0.0,0.0,,
IDRiD_02_1024_2048,0.0,0.0,0.0,0.0,0.0,0.0,,
IDRiD_02_1024_2560,0.0,0.0,0.0,0.0,0.0,0.0,,
IDRiD_02_1024_3072,0.0,0.0,0.0,0.0,0.0,0.0,,
IDRiD_02_1024_512,,,,,0.0,0.0,,
IDRiD_02_1536_1024,,,0.0,0.0,,,,
IDRiD_02_1536_1536,0.0,0.0,0.0,0.0,0.0,0.0,,
IDRiD_02_1536_2048,0.0,0.0,0.0,0.0,0.0,0.0,,
IDRiD_02_1536_2560,0.0,0.0,0.0,0.0,0.0,0.0,,
IDRiD_02_1536_3072,0.0,0.0,0.0,0.0,0.0,0.0,,
IDRiD_02_2048_1024,,,,,0.0,0.0,,
IDRiD_02_2048_1536,0.0,0.0,0.0,0.0,0.0,0.0,,
IDRiD_02_2048_2048,0.0,0.0,0.0,0.0,,,,
IDRiD_02_2048_2560,,,,,0.0,0.0,,
IDRiD_02_2048_3072,,,0.0,0.0,0.0,0.0,,
IDRiD_02_2048_512,,,,,0.0,0.0,,
IDRiD_02_512_1024,,,0.0,0.0,0.0,0.0,,
IDRiD_02_512_1536,,,0.0,0.0,0.0,0.0,,
IDRiD_02_512_2048,0.0,0.0,0.0,0.0,0.0,0.0,,
IDRiD_02_512_2560,,,0.0,0.0,0.0,0.0,,
IDRiD_02_512_3072,,,,,0.0,0.0,,
IDRiD_03_0_1024,0.0,0.0,,,0.0,0.0,,
IDRiD_03_0_1536,0.0,0.0,0.0,0.0,0.0,0.0,,
IDRiD_03_0_2048,0.0,0.0,0.0,0.0,0.0,0.0,,
IDRiD_03_0_2560,0.0,0.0,0.0,0.0,0.0,0.0,,
IDRiD_03_0_512,,,,,0.0,0.0,,
IDRiD_03_1024_0,0.0,0.0,,,,,,
IDRiD_03_1024_1024,0.0,0.0,0.0,0.0,0.0,0.0,,
IDRiD_03_1024_1536,0.0,0.0,0.0,0.0,0.0,0.0,,
IDRiD_03_1024_2048,0.0,0.0,0.0,0.0,0.0,0.0,,
IDRiD_03_1024_2560,0.0,0.0,0.0,0.0,0.0,0.0,,
IDRiD_03_1024_3072,0.0,0.0,0.0,0.0,0.0,0.0,,
IDRiD_03_1536_1024,0.0,0.0,0.0,0.0,0.0,0.0,,
IDRiD_03_1536_1536,0.0,0.0,0.0,0.0,0.0,0.0,,
IDRiD_03_1536_2048,0.0,0.0,0.0,0.0,0.0,0.0,,
IDRiD_03_1536_2560,0.0,0.0,0.0,0.0,0.0,0.0,,
IDRiD_03_1536_3072,,,0.0,0.0,0.0,0.0,,
IDRiD_03_2048_0,,,0.0,0.0,,,,
IDRiD_03_2048_1024,0.0,0.0,0.0,0.0,0.0,0.0,,
IDRiD_03_2048_1536,0.0,0.0,,,0.0,0.0,,
IDRiD_03_2048_2048,,,0.0,0.0,0.0,0.0,,
IDRiD_03_2048_2560,0.0,0.0,0.0,0.0,0.0,0.0,,
IDRiD_03_2048_3072,0.0,0.0,,,,,,
IDRiD_03_512_0,0.0,0.0,0.0,0.0,0.0,0.0,,
IDRiD_03_512_1024,,,0.0,0.0,0.0,0.0,,
IDRiD_03_512_1536,0.0,0.0,0.0,0.0,0.0,0.0,,
IDRiD_03_512_2048,0.0,0.0,0.0,0.0,0.0,0.0,,
IDRiD_03_512_2560,0.0,0.0,0.0,0.0,0.0,0.0,,
IDRiD_03_512_3072,0.0,0.0,0.0,0.0,0.0,0.0,,
IDRiD_03_512_512,0.0,0.0,0.0,0.0,0.0,0.0,,
IDRiD_04_0_1024,,,,,0.0,0.0,,
IDRiD_04_1024_0,,,,,0.0,0.0,,
IDRiD_04_1024_1024,0.0,0.0,0.0,0.0,0.0,0.0,,
IDRiD_04_1024_2560,,,,,0.0,0.0,,
IDRiD_04_1024_3072,,,,,0.0,0.0,,
IDRiD_04_1024_3584,,,,,0.0,0.0,,
IDRiD_04_1536_1024,0.0,0.0,,,,,,
IDRiD_04_1536_2560,,,0.0,0.0,,,,
IDRiD_04_1536_512,0.0,0.0,0.0,0.0,0.0,0.0,,
IDRiD_04_2048_512,0.0,0.0,,,,,,
IDRiD_04_512_1024,,,,,0.0,0.0,,
IDRiD_04_512_1536,,,,,0.0,0.0,,
IDRiD_04_512_2560,,,,,0.0,0.0,,
IDRiD_04_512_3072,0.0,0.0,,,0.0,0.0,,
IDRiD_04_512_3584,,,,,0.0,0.0,,
IDRiD_04_512_512,,,,,0.0,0.0,,
IDRiD_05_0_512,0.0,0.0,0.0,0.0,,,,
IDRiD_05_1024_1024,,,,,0.0,0.0,,
IDRiD_05_1024_1536,,,0.0,0.0,0.0,0.0,,
IDRiD_05_1024_2048,0.0,0.0,0.0,0.0,,,,
IDRiD_05_1024_512,,,0.0,0.0,,,,
IDRiD_05_1536_1024,0.0,0.0,0.0,0.0,0.0,0.0,,
IDRiD_05_1536_1536,,,,,0.0,0.0,,
IDRiD_05_1536_512,0.0,0.0,0.0,0.0,,,,
IDRiD_05_2048_1024,,,0.0,0.0,,,,
IDRiD_05_2048_1536,,,0.0,0.0,,,,
IDRiD_05_2048_512,0.0,0.0,,,,,,
IDRiD_05_512_1536,,,0.0,0.0,,,,
IDRiD_06_0_1536,0.0,0.0,0.0,0.0,,,,
IDRiD_06_0_2048,0.0,0.0,0.0,0.0,,,,
IDRiD_06_0_2560,0.0,0.0,,,0.0,0.0,,
IDRiD_06_0_3072,,,0.0,0.0,,,,
IDRiD_06_0_512,,,0.0,0.0,0.0,0.0,,
IDRiD_06_1024_1024,,,0.0,0.0,0.0,0.0,,
IDRiD_06_1024_1536,,,,,0.0,0.0,,
IDRiD_06_1024_512,0.0,0.0,0.0,0.0,,,,
IDRiD_06_1536_0,,,,,0.0,0.0,,
IDRiD_06_1536_1024,0.0,0.0,,,,,,
IDRiD_06_1536_512,,,0.0,0.0,0.0,0.0,,
IDRiD_06_2048_512,,,0.0,0.0,,,,
IDRiD_06_512_0,,,0.0,0.0,,,,
IDRiD_06_512_1024,0.0,0.0,0.0,0.0,0.0,0.0,,
IDRiD_06_512_1536,0.0,0.0,,,0.0,0.0,,
IDRiD_06_512_2048,0.0,0.0,0.0,0.0,0.0,0.0,,
IDRiD_06_512_3072,,,0.0,0.0,,,,
IDRiD_06_512_512,0.0,0.0,0.0,0.0,0.0,0.0,,
IDRiD_07_0_1024,,,0.0,0.0,0.0,0.0,,
IDRiD_07_0_1536,0.0,0.0,,,0.0,0.0,,
IDRiD_07_0_2048,0.0,0.0,0.0,0.0,0.0,0.0,,
IDRiD_07_0_512,0.0,0.0,,,,,,
IDRiD_07_1024_0,,,,,0.0,0.0,,
IDRiD_07_1024_1024,,,0.0,0.0,0.0,0.0,,
IDRiD_07_1024_1536,,,,,0.0,0.0,,
IDRiD_07_1024_2048,0.0,0.0,,,0.0,0.0,,
IDRiD_07_1024_2560,,,0.0,0.0,,,,
IDRiD_07_1024_512,,,0.0,0.0,0.0,0.0,,
IDRiD_07_1536_0,,,0.0,0.0,0.0,0.0,,
IDRiD_07_1536_1024,,,,,0.0,0.0,,
IDRiD_07_1536_1536,,,0.0,0.0,0.0,0.0,,
IDRiD_07_1536_2048,0.0,0.0,,,0.0,0.0,,
IDRiD_07_1536_2560,,,0.0,0.0,0.0,0.0,,
IDRiD_07_1536_512,0.0,0.0,0.0,0.0,0.0,0.0,,
IDRiD_07_2048_0,,,,,0.0,0.0,,
IDRiD_07_2048_1024,,,,,0.0,0.0,,
IDRiD_07_2048_1536,,,,,0.0,0.0,,
IDRiD_07_2048_2048,0.0,0.0,0.0,0.0,0.0,0.0,,
IDRiD_07_2048_512,0.0,0.0,0.0,0.0,0.0,0.0,,
IDRiD_07_512_0,,,0.0,0.0,0.0,0.0,,
IDRiD_07_512_1024,,,0.0,0.0,,,,
IDRiD_07_512_1536,,,0.0,0.0,0.0,0.0,,
IDRiD_07_512_2048,0.0,0.0,0.0,0.0,,,,
IDRiD_07_512_2560,0.0,0.0,,,,,,
IDRiD_07_512_512,,,0.0,0.0,,,,
IDRiD_08_0_1024,0.0,0.0,,,,,,
IDRiD_08_0_1536,0.0,0.0,0.0,0.0,,,,
IDRiD_08_1024_1024,0.0,0.0,0.0,0.0,0.0,0.0,,
IDRiD_08_1024_1536,0.0,0.0,0.0,0.0,0.0,0.0,0.0,0.0
IDRiD_08_1024_2048,,,,,0.0,0.0,,
IDRiD_08_1024_2560,,,,,0.0,0.0,,
IDRiD_08_1024_512,0.0,0.0,,,0.0,0.0,,
IDRiD_08_1536_1024,,,,,0.0,0.0,,
IDRiD_08_1536_1536,0.0,0.0,,,0.0,0.0,,
IDRiD_08_1536_2048,,,,,0.0,0.0,,
IDRiD_08_512_1024,,,0.0,0.0,,,,
IDRiD_08_512_1536,,,0.0,0.0,0.0,0.0,0.0,0.0
IDRiD_08_512_2048,,,0.0,0.0,,,0.0,0.0
IDRiD_08_512_512,,,0.0,0.0,,,,
IDRiD_09_0_1024,0.0,0.0,,,,,,
IDRiD_09_0_1536,,,0.0,0.0,,,,
IDRiD_09_0_2560,,,0.0,0.0,,,,
IDRiD_09_0_3072,,,0.0,0.0,,,,
IDRiD_09_0_512,0.0,0.0,,,,,,
IDRiD_09_1024_1024,0.0,0.0,0.0,0.0,0.0,0.0,,
IDRiD_09_1024_1536,0.0,0.0,,,0.0,0.0,,
IDRiD_09_1024_2048,0.0,0.0,0.0,0.0,0.0,0.0,,
IDRiD_09_1024_2560,,,,,0.0,0.0,,
IDRiD_09_1024_3072,,,0.0,0.0,,,,
IDRiD_09_1024_3584,,,0.0,0.0,,,,
IDRiD_09_1024_512,0.0,0.0,0.0,0.0,0.0,0.0,,
IDRiD_09_1536_1024,0.0,0.0,0.0,0.0,0.0,0.0,,
IDRiD_09_1536_1536,0.0,0.0,0.0,0.0,0.0,0.0,,
IDRiD_09_1536_2048,0.0,0.0,0.0,0.0,0.0,0.0,,
IDRiD_09_1536_2560,,,0.0,0.0,,,,
IDRiD_09_1536_512,,,0.0,0.0,0.0,0.0,,
IDRiD_09_2048_1024,,,,,0.0,0.0,,
IDRiD_09_2048_1536,0.0,0.0,0.0,0.0,0.0,0.0,,
IDRiD_09_2048_2048,0.0,0.0,0.0,0.0,,,,
IDRiD_09_2048_2560,,,,,0.0,0.0,,
IDRiD_09_2048_512,,,0.0,0.0,0.0,0.0,,
IDRiD_09_512_0,0.0,0.0,,,,,,
IDRiD_09_512_1024,0.0,0.0,0.0,0.0,0.0,0.0,,
IDRiD_09_512_1536,0.0,0.0,0.0,0.0,0.0,0.0,,
IDRiD_09_512_2048,,,,,0.0,0.0,,
IDRiD_09_512_3072,,,0.0,0.0,,,,
IDRiD_09_512_512,0.0,0.0,0.0,0.0,0.0,0.0,,
IDRiD_10_0_1024,,,,,0.0,0.0,,
IDRiD_10_0_1536,,,0.0,0.0,0.0,0.0,,
IDRiD_10_0_2048,0.0,0.0,0.0,0.0,0.0,0.0,,
IDRiD_10_0_2560,0.0,0.0,0.0,0.0,0.0,0.0,,
IDRiD_10_0_3072,,,,,0.0,0.0,,
IDRiD_10_0_512,,,,,0.0,0.0,,
IDRiD_10_1024_0,,,,,0.0,0.0,,
IDRiD_10_1024_1024,0.0,0.0,0.0,0.0,0.0,0.0,,
IDRiD_10_1024_1536,,,,,0.0,0.0,,
IDRiD_10_1024_2048,,,0.0,0.0,0.0,0.0,,
IDRiD_10_1024_2560,0.0,0.0,0.0,0.0,0.0,0.0,,
IDRiD_10_1024_3072,0.0,0.0,0.0,0.0,0.0,0.0,,
IDRiD_10_1024_512,,,,,0.0,0.0,,
IDRiD_10_1536_0,,,0.0,0.0,0.0,0.0,,
IDRiD_10_1536_1024,,,0.0,0.0,0.0,0.0,,
IDRiD_10_1536_1536,,,0.0,0.0,0.0,0.0,,
IDRiD_10_1536_2048,0.0,0.0,0.0,0.0,0.0,0.0,,
IDRiD_10_1536_2560,,,0.0,0.0,0.0,0.0,,
IDRiD_10_1536_3072,,,0.0,0.0,0.0,0.0,,
IDRiD_10_1536_512,0.0,0.0,,,,,,
IDRiD_10_2048_1024,0.0,0.0,0.0,0.0,0.0,0.0,,
IDRiD_10_2048_1536,0.0,0.0,0.0,0.0,0.0,0.0,,
IDRiD_10_2048_2048,0.0,0.0,0.0,0.0,0.0,0.0,,
IDRiD_10_2048_2560,0.0,0.0,,,0.0,0.0,,
IDRiD_10_2048_3072,0.0,0.0,0.0,0.0,0.0,0.0,,
IDRiD_10_2048_512,,,,,0.0,0.0,,
IDRiD_10_512_1024,,,0.0,0.0,0.0,0.0,,
IDRiD_10_512_1536,,,,,0.0,0.0,,
IDRiD_10_512_2048,0.0,0.0,0.0,0.0,0.0,0.0,,
IDRiD_10_512_2560,0.0,0.0,0.0,0.0,0.0,0.0,,
IDRiD_10_512_3072,0.0,0.0,0.0,0.0,0.0,0.0,,
IDRiD_10_512_512,0.0,0.0,0.0,0.0,0.0,0.0,,
IDRiD_11_0_1024,,,0.0,0.0,,,,
IDRiD_11_0_1536,0.0,0.0,0.0,0.0,0.0,0.0,,
IDRiD_11_0_2048,,,0.0,0.0,,,,
IDRiD_11_0_2560,0.0,0.0,0.0,0.0,,,,
IDRiD_11_0_3072,,,,,0.0,0.0,,
IDRiD_11_0_512,0.0,0.0,0.0,0.0,0.0,0.0,,
IDRiD_11_1024_1024,,,0.0,0.0,,,,
IDRiD_11_1024_1536,0.0,0.0,0.0,0.0,0.0,0.0,,
IDRiD_11_1024_2048,0.0,0.0,0.0,0.0,0.0,0.0,,
IDRiD_11_1024_2560,0.0,0.0,0.0,0.0,0.0,0.0,,
IDRiD_11_1024_3072,0.0,0.0,,,0.0,0.0,,
IDRiD_11_1536_1024,,,0.0,0.0,,,,
IDRiD_11_1536_1536,,,0.0,0.0,0.0,0.0,,
IDRiD_11_1536_2048,0.0,0.0,0.0,0.0,0.0,0.0,,
IDRiD_11_1536_2560,0.0,0.0,0.0,0.0,0.0,0.0,,
IDRiD_11_1536_3072,,,,,0.0,0.0,,
IDRiD_11_2048_1024,,,0.0,0.0,0.0,0.0,,
IDRiD_11_2048_1536,,,,,0.0,0.0,,
IDRiD_11_2048_2048,,,,,0.0,0.0,,
IDRiD_11_2048_2560,0.0,0.0,0.0,0.0,0.0,0.0,,
IDRiD_11_2048_3072,0.0,0.0,0.0,0.0,0.0,0.0,,
IDRiD_11_512_1024,,,,,0.0,0.0,,
IDRiD_11_512_1536,,,0.0,0.0,0.0,0.0,,
IDRiD_11_512_2048,,,0.0,0.0,0.0,0.0,,
IDRiD_11_512_2560,0.0,0.0,0.0,0.0,0.0,0.0,,
IDRiD_11_512_3072,0.0,0.0,0.0,0.0,0.0,0.0,,
IDRiD_11_512_512,,,0.0,0.0,,,,
IDRiD_12_0_1024,,,,,0.0,0.0,,
IDRiD_12_0_2560,0.0,0.0,0.0,0.0,,,,
IDRiD_12_0_3072,0.0,0.0,0.0,0.0,,,,
IDRiD_12_0_512,0.0,0.0,,,,,,
IDRiD_12_1024_1024,0.0,0.0,,,,,,
IDRiD_12_1024_2048,0.0,0.0,0.0,0.0,0.0,0.0,,
IDRiD_12_1024_2560,,,0.0,0.0,,,,
IDRiD_12_1536_2048,0.0,0.0,,,0.0,0.0,,
IDRiD_12_1536_3072,,,0.0,0.0,,,,
IDRiD_12_2048_1536,,,0.0,0.0,,,,
IDRiD_12_2048_2048,,,0.0,0.0,,,,
IDRiD_12_2048_2560,,,0.0,0.0,,,,
IDRiD_12_2048_3072,,,0.0,0.0,,,,
IDRiD_12_2048_512,0.0,0.0,0.0,0.0,,,,
IDRiD_12_512_2560,0.0,0.0,0.0,0.0,,,,
IDRiD_12_512_512,,,,,0.0,0.0,,
IDRiD_13_0_1024,0.0,0.0,0.0,0.0,,,,
IDRiD_13_0_1536,,,0.0,0.0,,,,
IDRiD_13_0_2048,0.0,0.0,0.0,0.0,0.0,0.0,,
IDRiD_13_0_2560,0.0,0.0,0.0,0.0,,,,
IDRiD_13_0_3072,0.0,0.0,0.0,0.0,,,,
IDRiD_13_0_512,,,0.0,0.0,0.0,0.0,0.0,0.0
IDRiD_13_1024_0,0.0,0.0,0.0,0.0,,,,
IDRiD_13_1024_1024,0.0,0.0,0.0,0.0,0.0,0.0,,
IDRiD_13_1024_1536,0.0,0.0,0.0,0.0,0.0,0.0,0.0,0.0
IDRiD_13_1024_2048,,,0.0,0.0,0.0,0.0,0.0,0.0
IDRiD_13_1024_2560,,,,,0.0,0.0,,
IDRiD_13_1024_3072,,,,,0.0,0.0,,
IDRiD_13_1024_3584,,,0.0,0.0,0.0,0.0,,
IDRiD_13_1024_512,0.0,0.0,0.0,0.0,0.0,0.0,,
IDRiD_13_1536_0,,,0.0,0.0,0.0,0.0,,
IDRiD_13_1536_1024,,,0.0,0.0,0.0,0.0,,
IDRiD_13_1536_1536,0.0,0.0,0.0,0.0,0.0,0.0,,
IDRiD_13_1536_2048,0.0,0.0,0.0,0.0,0.0,0.0,0.0,0.0
IDRiD_13_1536_2560,0.0,0.0,0.0,0.0,,,,
IDRiD_13_1536_3072,,,0.0,0.0,0.0,0.0,,
IDRiD_13_1536_3584,,,,,0.0,0.0,,
IDRiD_13_1536_512,,,0.0,0.0,0.0,0.0,,
IDRiD_13_2048_1024,0.0,0.0,0.0,0.0,0.0,0.0,0.0,0.0
IDRiD_13_2048_1536,,,0.0,0.0,,,0.0,0.0
IDRiD_13_2048_2048,0.0,0.0,0.0,0.0,0.0,0.0,,
IDRiD_13_2048_2560,0.0,0.0,0.0,0.0,,,,
IDRiD_13_2048_512,,,0.0,0.0,,,0.0,0.0
IDRiD_13_512_0,0.0,0.0,0.0,0.0,,,,
IDRiD_13_512_1024,0.0,0.0,0.0,0.0,0.0,0.0,,
IDRiD_13_512_1536,,,0.0,0.0,0.0,0.0,,
IDRiD_13_512_2048,,,0.0,0.0,0.0,0.0,,
IDRiD_13_512_2560,0.0,0.0,0.0,0.0,,,,
IDRiD_13_512_3072,,,,,0.0,0.0,,
IDRiD_13_512_3584,,,,,0.0,0.0,,
IDRiD_13_512_512,0.0,0.0,0.0,0.0,0.0,0.0,0.0,0.0
IDRiD_14_0_1024,,,0.0,0.0,,,,
IDRiD_14_0_1536,0.0,0.0,0.0,0.0,0.0,0.0,,
IDRiD_14_0_2048,0.0,0.0,0.0,0.0,0.0,0.0,,
IDRiD_14_0_2560,0.0,0.0,0.0,0.0,,,0.0,0.0
IDRiD_14_0_3072,0.0,0.0,,,0.0,0.0,,
IDRiD_14_0_512,,,0.0,0.0,,,,
IDRiD_14_1024_0,,,0.0,0.0,,,,
IDRiD_14_1024_1024,0.0,0.0,0.0,0.0,,,,
IDRiD_14_1024_1536,0.0,0.0,0.0,0.0,0.0,0.0,,
IDRiD_14_1024_2048,,,0.0,0.0,0.0,0.0,,
IDRiD_14_1024_2560,,,0.0,0.0,0.0,0.0,,
IDRiD_14_1024_3072,,,0.0,0.0,0.0,0.0,,
IDRiD_14_1024_3584,,,,,0.0,0.0,,
IDRiD_14_1024_512,,,0.0,0.0,0.0,0.0,,
IDRiD_14_1536_0,0.0,0.0,,,,,,
IDRiD_14_1536_1024,,,0.0,0.0,,,,
IDRiD_14_1536_1536,0.0,0.0,0.0,0.0,0.0,0.0,,
IDRiD_14_1536_2048,0.0,0.0,0.0,0.0,0.0,0.0,,
IDRiD_14_1536_2560,,,0.0,0.0,0.0,0.0,,
IDRiD_14_1536_3072,0.0,0.0,0.0,0.0,0.0,0.0,,
IDRiD_14_1536_512,,,0.0,0.0,,,,
IDRiD_14_2048_1024,0.0,0.0,0.0,0.0,,,,
IDRiD_14_2048_1536,,,0.0,0.0,,,,
IDRiD_14_2048_2048,,,0.0,0.0,0.0,0.0,,
IDRiD_14_2048_2560,0.0,0.0,0.0,0.0,0.0,0.0,,
IDRiD_14_2048_3072,0.0,0.0,0.0,0.0,0.0,0.0,,
IDRiD_14_2048_512,0.0,0.0,,,,,,
IDRiD_14_512_1536,0.0,0.0,0.0,0.0,0.0,0.0,,
IDRiD_14_512_2048,0.0,0.0,0.0,0.0,0.0,0.0,,
IDRiD_14_512_2560,0.0,0.0,0.0,0.0,0.0,0.0,0.0,0.0
IDRiD_14_512_3072,0.0,0.0,0.0,0.0,0.0,0.0,,
IDRiD_14_512_512,,,0.0,0.0,,,,
IDRiD_15_0_1536,,,0.0,0.0,,,,
IDRiD_15_1024_0,,,0.0,0.0,0.0,0.0,,
IDRiD_15_1024_1024,,,,,0.0,0.0,,
IDRiD_15_1024_1536,,,,,0.0,0.0,,
IDRiD_15_1024_512,,,,,0.0,0.0,,
IDRiD_15_1536_2048,,,0.0,0.0,0.0,0.0,,
IDRiD_15_1536_512,0.0,0.0,,,0.0,0.0,,
IDRiD_15_2048_2048,,,0.0,0.0,,,,
IDRiD_15_512_1024,0.0,0.0,,,0.0,0.0,,
IDRiD_15_512_512,0.0,0.0,0.0,0.0,,,,
IDRiD_16_0_2560,,,0.0,0.0,0.0,0.0,,
IDRiD_16_1024_2048,,,0.0,0.0,0.0,0.0,,
IDRiD_16_1024_2560,0.0,0.0,0.0,0.0,0.0,0.0,,
IDRiD_16_1024_3072,0.0,0.0,0.0,0.0,0.0,0.0,,
IDRiD_16_1024_3584,0.0,0.0,,,,,,
IDRiD_16_1536_2048,,,,,0.0,0.0,,
IDRiD_16_1536_2560,,,,,0.0,0.0,,
IDRiD_16_1536_3072,,,,,0.0,0.0,,
IDRiD_16_2048_1024,,,,,0.0,0.0,,
IDRiD_16_2048_1536,,,0.0,0.0,,,,
IDRiD_16_2048_2560,,,,,0.0,0.0,,
IDRiD_16_2048_3072,,,,,0.0,0.0,,
IDRiD_16_2048_512,,,0.0,0.0,0.0,0.0,,
IDRiD_16_512_1536,,,0.0,0.0,,,,
IDRiD_16_512_2048,,,,,0.0,0.0,,
IDRiD_16_512_2560,,,,,0.0,0.0,,
IDRiD_16_512_3072,,,,,0.0,0.0,,
IDRiD_17_0_1024,0.0,0.0,0.0,0.0,0.0,0.0,,
IDRiD_17_0_1536,0.0,0.0,0.0,0.0,0.0,0.0,,
IDRiD_17_0_2048,0.0,0.0,,,0.0,0.0,,
IDRiD_17_0_2560,0.0,0.0,0.0,0.0,0.0,0.0,,
IDRiD_17_0_3072,0.0,0.0,,,,,,
IDRiD_17_0_512,,,,,0.0,0.0,0.0,0.0
IDRiD_17_1024_0,0.0,0.0,0.0,0.0,0.0,0.0,,
IDRiD_17_1024_1024,0.0,0.0,0.0,0.0,0.0,0.0,,
IDRiD_17_1024_1536,0.0,0.0,0.0,0.0,0.0,0.0,,
IDRiD_17_1024_2048,0.0,0.0,,,0.0,0.0,,
IDRiD_17_1024_2560,0.0,0.0,,,0.0,0.0,,
IDRiD_17_1024_3072,0.0,0.0,0.0,0.0,,,,
IDRiD_17_1024_3584,,,0.0,0.0,,,,
IDRiD_17_1024_512,0.0,0.0,0.0,0.0,0.0,0.0,,
IDRiD_17_1536_0,0.0,0.0,,,,,,
IDRiD_17_1536_1024,0.0,0.0,,,0.0,0.0,,
IDRiD_17_1536_1536,0.0,0.0,0.0,0.0,0.0,0.0,,
IDRiD_17_1536_2048,0.0,0.0,0.0,0.0,0.0,0.0,0.0,0.0
IDRiD_17_1536_2560,0.0,0.0,,,,,,
IDRiD_17_1536_3072,0.0,0.0,0.0,0.0,,,0.0,0.0
IDRiD_17_1536_512,0.0,0.0,,,0.0,0.0,,
IDRiD_17_2048_0,0.0,0.0,,,,,,
IDRiD_17_2048_1024,0.0,0.0,,,0.0,0.0,,
IDRiD_17_2048_1536,0.0,0.0,,,0.0,0.0,,
IDRiD_17_2048_2048,0.0,0.0,,,0.0,0.0,0.0,0.0
IDRiD_17_2048_2560,0.0,0.0,0.0,0.0,,,0.0,0.0
IDRiD_17_2048_3072,0.0,0.0,,,,,,
IDRiD_17_2048_512,0.0,0.0,,,,,,
IDRiD_17_512_0,,,0.0,0.0,0.0,0.0,,
IDRiD_17_512_1024,0.0,0.0,0.0,0.0,0.0,0.0,,
IDRiD_17_512_1536,0.0,0.0,0.0,0.0,0.0,0.0,,
IDRiD_17_512_2048,0.0,0.0,0.0,0.0,0.0,0.0,,
IDRiD_17_512_2560,0.0,0.0,0.0,0.0,0.0,0.0,,
IDRiD_17_512_3072,0.0,0.0,0.0,0.0,,,,
IDRiD_17_512_512,0.0,0.0,0.0,0.0,0.0,0.0,0.0,0.0
IDRiD_18_0_1024,0.0,0.0,0.0,0.0,,,,
IDRiD_18_0_1536,0.0,0.0,0.0,0.0,0.0,0.0,,
IDRiD_18_0_2048,,,0.0,0.0,0.0,0.0,,
IDRiD_18_0_2560,0.0,0.0,0.0,0.0,0.0,0.0,0.0,0.0
IDRiD_18_0_3072,,,0.0,0.0,,,0.0,0.0
IDRiD_18_0_512,,,0.0,0.0,,,,
IDRiD_18_1024_0,0.0,0.0,0.0,0.0,0.0,0.0,,
IDRiD_18_1024_1024,0.0,0.0,0.0,0.0,0.0,0.0,,
IDRiD_18_1024_1536,0.0,0.0,0.0,0.0,0.0,0.0,,
IDRiD_18_1024_2048,,,0.0,0.0,,,,
IDRiD_18_1024_3072,,,,,,,0.0,0.0
IDRiD_18_1024_512,0.0,0.0,0.0,0.0,0.0,0.0,,
IDRiD_18_1536_0,0.0,0.0,0.0,0.0,0.0,0.0,,
IDRiD_18_1536_1024,0.0,0.0,0.0,0.0,0.0,0.0,,
IDRiD_18_1536_1536,,,0.0,0.0,0.0,0.0,,
IDRiD_18_1536_2048,,,0.0,0.0,0.0,0.0,,
IDRiD_18_1536_3072,,,0.0,0.0,,,,
IDRiD_18_1536_3584,0.0,0.0,,,,,,
IDRiD_18_1536_512,0.0,0.0,0.0,0.0,0.0,0.0,,
IDRiD_18_2048_0,0.0,0.0,0.0,0.0,,,,
IDRiD_18_2048_1024,0.0,0.0,0.0,0.0,0.0,0.0,,
IDRiD_18_2048_1536,,,0.0,0.0,0.0,0.0,0.0,0.0
IDRiD_18_2048_2048,,,0.0,0.0,0.0,0.0,,
IDRiD_18_2048_2560,,,0.0,0.0,,,,
IDRiD_18_2048_3072,0.0,0.0,0.0,0.0,,,,
IDRiD_18_2048_512,0.0,0.0,0.0,0.0,0.0,0.0,,
IDRiD_18_512_1024,0.0,0.0,0.0,0.0,0.0,0.0,,
IDRiD_18_512_1536,0.0,0.0,,,0.0,0.0,,
IDRiD_18_512_2048,0.0,0.0,0.0,0.0,,,,
IDRiD_18_512_3072,,,0.0,0.0,0.0,0.0,,
IDRiD_18_512_512,0.0,0.0,0.0,0.0,0.0,0.0,,
IDRiD_19_0_1024,0.0,0.0,,,,,0.0,0.0
IDRiD_19_0_1536,,,,,0.0,0.0,,
IDRiD_19_0_2048,,,,,,,0.0,0.0
IDRiD_19_0_2560,0.0,0.0,,,,,,
IDRiD_19_1024_0,,,0.0,0.0,,,,
IDRiD_19_1024_1024,,,,,0.0,0.0,,
IDRiD_19_1024_1536,,,,,0.0,0.0,,
IDRiD_19_1024_2560,,,0.0,0.0,,,,
IDRiD_19_1024_512,0.0,0.0,0.0,0.0,,,,
IDRiD_19_1536_2048,0.0,0.0,0.0,0.0,,,,
IDRiD_19_1536_2560,,,0.0,0.0,,,,
IDRiD_19_1536_3072,,,0.0,0.0,0.0,0.0,,
IDRiD_19_1536_512,0.0,0.0,,,,,,
IDRiD_19_2048_1024,0.0,0.0,0.0,0.0,,,,
IDRiD_19_2048_1536,0.0,0.0,0.0,0.0,,,,
IDRiD_19_2048_2048,0.0,0.0,0.0,0.0,,,,
IDRiD_19_2048_2560,0.0,0.0,,,,,,
IDRiD_19_2048_3072,,,0.0,0.0,,,0.0,0.0
IDRiD_19_2048_512,0.0,0.0,0.0,0.0,,,0.0,0.0
IDRiD_19_512_1024,0.0,0.0,0.0,0.0,0.0,0.0,,
IDRiD_19_512_1536,0.0,0.0,0.0,0.0,0.0,0.0,0.0,0.0
IDRiD_19_512_2048,0.0,0.0,,,,,,
IDRiD_19_512_512,0.0,0.0,0.0,0.0,,,,
IDRiD_20_0_1024,0.0,0.0,0.0,0.0,,,,
IDRiD_20_0_1536,0.0,0.0,0.0,0.0,0.0,0.0,,
IDRiD_20_0_2048,0.0,0.0,0.0,0.0,0.0,0.0,,
IDRiD_20_0_2560,,,0.0,0.0,,,,
IDRiD_20_0_512,0.0,0.0,,,,,,
IDRiD_20_1024_0,,,0.0,0.0,,,,
IDRiD_20_1024_1024,0.0,0.0,0.0,0.0,0.0,0.0,,
IDRiD_20_1024_1536,0.0,0.0,0.0,0.0,0.0,0.0,,
IDRiD_20_1024_2048,,,0.0,0.0,0.0,0.0,,
IDRiD_20_1024_2560,,,0.0,0.0,,,,
IDRiD_20_1024_3072,0.0,0.0,0.0,0.0,,,,
IDRiD_20_1024_512,0.0,0.0,0.0,0.0,0.0,0.0,,
IDRiD_20_1536_1024,0.0,0.0,0.0,0.0,0.0,0.0,,
IDRiD_20_1536_1536,,,0.0,0.0,0.0,0.0,,
IDRiD_20_1536_2048,0.0,0.0,,,,,,
IDRiD_20_1536_3072,0.0,0.0,0.0,0.0,0.0,0.0,,
IDRiD_20_1536_512,0.0,0.0,0.0,0.0,0.0,0.0,,
IDRiD_20_2048_1024,,,0.0,0.0,0.0,0.0,,
IDRiD_20_2048_1536,0.0,0.0,0.0,0.0,0.0,0.0,,
IDRiD_20_2048_2560,0.0,0.0,,,,,,
IDRiD_20_2048_3072,0.0,0.0,0.0,0.0,0.0,0.0,,
IDRiD_20_2048_512,0.0,0.0,0.0,0.0,0.0,0.0,,
IDRiD_20_512_1024,0.0,0.0,0.0,0.0,0.0,0.0,,
IDRiD_20_512_1536,0.0,0.0,0.0,0.0,0.0,0.0,,
IDRiD_20_512_2048,,,,,0.0,0.0,,
IDRiD_20_512_2560,0.0,0.0,0.0,0.0,,,,
IDRiD_20_512_3072,,,0.0,0.0,,,,
IDRiD_20_512_512,,,0.0,0.0,0.0,0.0,,
IDRiD_21_0_1024,0.0,0.0,0.0,0.0,0.0,0.0,,
IDRiD_21_0_1536,0.0,0.0,0.0,0.0,0.0,0.0,,
IDRiD_21_0_2048,,,0.0,0.0,0.0,0.0,,
IDRiD_21_0_2560,,,0.0,0.0,,,,
IDRiD_21_0_3072,,,0.0,0.0,,,,
IDRiD_21_0_512,0.0,0.0,,,0.0,0.0,,
IDRiD_21_1024_1024,,,0.0,0.0,0.0,0.0,,
IDRiD_21_1024_1536,0.0,0.0,0.0,0.0,0.0,0.0,,
IDRiD_21_1024_2048,0.0,0.0,0.0,0.0,0.0,0.0,,
IDRiD_21_1024_2560,0.0,0.0,0.0,0.0,0.0,0.0,,
IDRiD_21_1024_3072,0.0,0.0,0.0,0.0,,,,
IDRiD_21_1536_0,,,,,0.0,0.0,,
IDRiD_21_1536_1024,,,0.0,0.0,0.0,0.0,,
IDRiD_21_1536_1536,0.0,0.0,,,0.0,0.0,,
IDRiD_21_1536_2048,0.0,0.0,0.0,0.0,0.0,0.0,,
IDRiD_21_1536_2560,0.0,0.0,0.0,0.0,0.0,0.0,,
IDRiD_21_1536_3072,,,0.0,0.0,,,,
IDRiD_21_1536_512,0.0,0.0,,,0.0,0.0,,
IDRiD_21_2048_1024,0.0,0.0,0.0,0.0,0.0,0.0,,
IDRiD_21_2048_1536,0.0,0.0,0.0,0.0,0.0,0.0,,
IDRiD_21_2048_2048,0.0,0.0,0.0,0.0,0.0,0.0,,
IDRiD_21_2048_2560,0.0,0.0,0.0,0.0,0.0,0.0,,
IDRiD_21_2048_3072,,,0.0,0.0,0.0,0.0,,
IDRiD_21_2048_512,0.0,0.0,0.0,0.0,0.0,0.0,,
IDRiD_21_512_1024,,,0.0,0.0,,,,
IDRiD_21_512_1536,,,0.0,0.0,0.0,0.0,,
IDRiD_21_512_2048,0.0,0.0,0.0,0.0,0.0,0.0,,
IDRiD_21_512_2560,0.0,0.0,0.0,0.0,0.0,0.0,,
IDRiD_21_512_3072,0.0,0.0,0.0,0.0,,,,
IDRiD_21_512_512,,,0.0,0.0,0.0,0.0,,
IDRiD_22_0_1024,0.0,0.0,0.0,0.0,,,0.0,0.0
IDRiD_22_0_1536,0.0,0.0,0.0,0.0,,,,
IDRiD_22_0_2048,0.0,0.0,0.0,0.0,,,0.0,0.0
IDRiD_22_0_2560,0.0,0.0,,,0.0,0.0,,
IDRiD_22_0_3072,0.0,0.0,,,,,,
IDRiD_22_0_512,0.0,0.0,,,,,,
IDRiD_22_1024_1024,,,0.0,0.0,,,,
IDRiD_22_1024_1536,,,0.0,0.0,0.0,0.0,,
IDRiD_22_1024_2048,,,0.0,0.0,0.0,0.0,,
IDRiD_22_1024_3072,0.0,0.0,,,,,,
IDRiD_22_1024_512,,,0.0,0.0,,,,
IDRiD_22_1536_0,,,,,0.0,0.0,,
IDRiD_22_1536_1024,,,0.0,0.0,0.0,0.0,,
IDRiD_22_1536_1536,0.0,0.0,0.0,0.0,0.0,0.0,,
IDRiD_22_1536_2048,0.0,0.0,0.0,0.0,0.0,0.0,,
IDRiD_22_1536_3072,0.0,0.0,0.0,0.0,0.0,0.0,,
IDRiD_22_1536_3584,0.0,0.0,,,,,,
IDRiD_22_1536_512,,,0.0,0.0,0.0,0.0,,
IDRiD_22_2048_1024,0.0,0.0,0.0,0.0,,,0.0,0.0
IDRiD_22_2048_1536,0.0,0.0,,,,,,
IDRiD_22_2048_2048,,,0.0,0.0,,,,
IDRiD_22_2048_3072,,,0.0,0.0,,,,
IDRiD_22_2048_512,,,,,0.0,0.0,0.0,0.0
IDRiD_22_512_1024,0.0,0.0,,,0.0,0.0,0.0,0.0
IDRiD_22_512_1536,,,0.0,0.0,,,,
IDRiD_22_512_2560,0.0,0.0,,,,,,
IDRiD_22_512_3072,0.0,0.0,,,,,0.0,0.0
IDRiD_22_512_512,0.0,0.0,,,0.0,0.0,0.0,0.0
IDRiD_23_0_1024,0.0,0.0,0.0,0.0,,,,
IDRiD_23_0_1536,,,,,,,0.0,0.0
IDRiD_23_0_2048,0.0,0.0,,,,,,
IDRiD_23_0_2560,0.0,0.0,,,,,,
IDRiD_23_0_3072,0.0,0.0,,,,,,
IDRiD_23_1024_1024,,,,,0.0,0.0,,
IDRiD_23_1024_1536,,,0.0,0.0,,,,
IDRiD_23_1024_2560,,,,,,,0.0,0.0
IDRiD_23_1024_3072,,,0.0,0.0,,,,
IDRiD_23_1536_1024,,,0.0,0.0,0.0,0.0,,
IDRiD_23_1536_1536,,,0.0,0.0,0.0,0.0,,
IDRiD_23_1536_2560,,,,,0.0,0.0,,
IDRiD_23_1536_3072,,,0.0,0.0,0.0,0.0,,
IDRiD_23_1536_3584,,,,,0.0,0.0,,
IDRiD_23_1536_512,,,0.0,0.0,0.0,0.0,,
IDRiD_23_2048_1024,0.0,0.0,,,,,,
IDRiD_23_2048_2048,0.0,0.0,,,,,,
IDRiD_23_2048_2560,0.0,0.0,0.0,0.0,,,,
IDRiD_23_2048_3072,,,,,0.0,0.0,,
IDRiD_23_2048_512,0.0,0.0,,,0.0,0.0,,
IDRiD_23_512_1024,0.0,0.0,,,,,,
IDRiD_23_512_2048,,,0.0,0.0,,,,
IDRiD_23_512_2560,,,,,,,0.0,0.0
IDRiD_23_512_3072,0.0,0.0,,,,,0.0,0.0
IDRiD_23_512_512,,,0.0,0.0,,,,
IDRiD_24_0_2048,,,,,0.0,0.0,,
IDRiD_24_1024_1536,,,,,0.0,0.0,,
IDRiD_24_1024_2048,,,,,0.0,0.0,,
IDRiD_24_1024_2560,,,0.0,0.0,,,,
IDRiD_24_1536_1536,,,,,0.0,0.0,,
IDRiD_24_1536_2048,,,0.0,0.0,0.0,0.0,,
IDRiD_24_1536_2560,,,0.0,0.0,,,,
IDRiD_24_1536_512,0.0,0.0,,,0.0,0.0,,
IDRiD_24_2048_1024,0.0,0.0,,,,,,
IDRiD_24_2048_1536,0.0,0.0,0.0,0.0,,,,
IDRiD_24_512_1536,,,,,0.0,0.0,,
IDRiD_24_512_2048,,,,,0.0,0.0,,
IDRiD_24_512_2560,0.0,0.0,,,,,,
IDRiD_24_512_512,0.0,0.0,,,,,,
IDRiD_25_0_1024,,,0.0,0.0,0.0,0.0,0.0,0.0
IDRiD_25_0_1536,0.0,0.0,0.0,0.0,0.0,0.0,,
IDRiD_25_0_2048,0.0,0.0,0.0,0.0,0.0,0.0,0.0,0.0
IDRiD_25_0_2560,0.0,0.0,0.0,0.0,0.0,0.0,,
IDRiD_25_0_3072,0.0,0.0,,,0.0,0.0,,
IDRiD_25_0_512,0.0,0.0,0.0,0.0,0.0,0.0,0.0,0.0
IDRiD_25_1024_0,,,0.0,0.0,,,,
IDRiD_25_1024_1024,0.0,0.0,0.0,0.0,0.0,0.0,,
IDRiD_25_1024_1536,0.0,0.0,0.0,0.0,0.0,0.0,,
IDRiD_25_1024_2048,,,0.0,0.0,0.0,0.0,,
IDRiD_25_1024_2560,0.0,0.0,0.0,0.0,0.0,0.0,,
IDRiD_25_1024_3072,0.0,0.0,,,0.0,0.0,,
IDRiD_25_1024_512,,,0.0,0.0,,,,
IDRiD_25_1536_0,,,,,0.0,0.0,,
IDRiD_25_1536_1024,0.0,0.0,,,,,0.0,0.0
IDRiD_25_1536_1536,0.0,0.0,0.0,0.0,0.0,0.0,,
IDRiD_25_1536_2048,0.0,0.0,0.0,0.0,0.0,0.0,0.0,0.0
IDRiD_25_1536_2560,0.0,0.0,0.0,0.0,0.0,0.0,0.0,0.0
IDRiD_25_1536_3072,0.0,0.0,0.0,0.0,,,,
IDRiD_25_1536_512,0.0,0.0,0.0,0.0,0.0,0.0,,
IDRiD_25_2048_1024,0.0,0.0,,,,,,
IDRiD_25_2048_1536,0.0,0.0,0.0,0.0,0.0,0.0,,
IDRiD_25_2048_2048,0.0,0.0,0.0,0.0,,,,
IDRiD_25_2048_2560,0.0,0.0,0.0,0.0,0.0,0.0,,
IDRiD_25_2048_3072,,,0.0,0.0,0.0,0.0,,
IDRiD_25_512_1024,0.0,0.0,,,0.0,0.0,,
IDRiD_25_512_1536,0.0,0.0,0.0,0.0,0.0,0.0,,
IDRiD_25_512_2048,0.0,0.0,0.0,0.0,0.0,0.0,0.0,0.0
IDRiD_25_512_2560,0.0,0.0,0.0,0.0,0.0,0.0,,
IDRiD_25_512_3072,,,0.0,0.0,0.0,0.0,,
IDRiD_25_512_512,0.0,0.0,,,,,,
IDRiD_26_0_1024,0.0,0.0,0.0,0.0,,,,
IDRiD_26_0_1536,0.0,0.0,,,,,,
IDRiD_26_0_2048,,,0.0,0.0,,,,
IDRiD_26_0_2560,0.0,0.0,0.0,0.0,,,,
IDRiD_26_1024_1024,,,0.0,0.0,,,,
IDRiD_26_1024_1536,,,0.0,0.0,,,,
IDRiD_26_1024_2048,0.0,0.0,0.0,0.0,,,,
IDRiD_26_1024_2560,0.0,0.0,0.0,0.0,,,,
IDRiD_26_1024_3072,0.0,0.0,0.0,0.0,,,,
IDRiD_26_1536_1024,,,0.0,0.0,,,,
IDRiD_26_1536_1536,,,0.0,0.0,,,,
IDRiD_26_1536_2048,0.0,0.0,,,,,,
IDRiD_26_1536_2560,,,0.0,0.0,,,,
IDRiD_26_1536_3072,0.0,0.0,0.0,0.0,,,,
IDRiD_26_2048_1024,,,,,0.0,0.0,,
IDRiD_26_2048_1536,0.0,0.0,0.0,0.0,,,,
IDRiD_26_2048_2048,,,0.0,0.0,,,,
IDRiD_26_2048_3072,0.0,0.0,,,,,,
IDRiD_26_512_1024,0.0,0.0,0.0,0.0,,,,
IDRiD_26_512_1536,0.0,0.0,0.0,0.0,,,,
IDRiD_26_512_2048,0.0,0.0,0.0,0.0,0.0,0.0,,
IDRiD_26_512_2560,,,0.0,0.0,,,,
IDRiD_26_512_3072,0.0,0.0,0.0,0.0,,,,
IDRiD_26_512_3584,0.0,0.0,,,,,,
IDRiD_26_512_512,0.0,0.0,,,,,,
IDRiD_27_0_1024,,,,,0.0,0.0,,
IDRiD_27_0_1536,0.0,0.0,0.0,0.0,0.0,0.0,,
IDRiD_27_0_2048,0.0,0.0,,,,,,
IDRiD_27_0_2560,0.0,0.0,0.0,0.0,,,,
IDRiD_27_0_3072,,,0.0,0.0,,,,
IDRiD_27_0_512,0.0,0.0,0.0,0.0,,,,
IDRiD_27_1024_0,0.0,0.0,0.0,0.0,0.0,0.0,,
IDRiD_27_1024_1024,0.0,0.0,0.0,0.0,0.0,0.0,,
IDRiD_27_1024_1536,0.0,0.0,0.0,0.0,0.0,0.0,,
IDRiD_27_1024_2048,,,0.0,0.0,0.0,0.0,,
IDRiD_27_1024_2560,,,0.0,0.0,,,,
IDRiD_27_1024_512,0.0,0.0,0.0,0.0,0.0,0.0,,
IDRiD_27_1536_0,0.0,0.0,0.0,0.0,,,,
IDRiD_27_1536_1024,0.0,0.0,0.0,0.0,0.0,0.0,,
IDRiD_27_1536_1536,0.0,0.0,0.0,0.0,0.0,0.0,,
IDRiD_27_1536_2048,,,0.0,0.0,0.0,0.0,,
IDRiD_27_1536_2560,,,0.0,0.0,,,,
IDRiD_27_1536_512,0.0,0.0,0.0,0.0,0.0,0.0,,
IDRiD_27_2048_1024,0.0,0.0,0.0,0.0,0.0,0.0,,
IDRiD_27_2048_1536,0.0,0.0,0.0,0.0,0.0,0.0,,
IDRiD_27_2048_2048,0.0,0.0,0.0,0.0,0.0,0.0,,
IDRiD_27_2048_512,0.0,0.0,0.0,0.0,,,,
IDRiD_27_512_1024,0.0,0.0,0.0,0.0,0.0,0.0,,
IDRiD_27_512_1536,,,0.0,0.0,0.0,0.0,,
IDRiD_27_512_2048,,,0.0,0.0,0.0,0.0,,
IDRiD_27_512_512,0.0,0.0,0.0,0.0,,,,
IDRiD_28_0_3072,,,,,0.0,0.0,,
IDRiD_28_1024_1536,,,0.0,0.0,0.0,0.0,,
IDRiD_28_1024_2048,,,0.0,0.0,0.0,0.0,,
IDRiD_28_1024_2560,0.0,0.0,0.0,0.0,,,,
IDRiD_28_1024_3072,0.0,0.0,0.0,0.0,,,,
IDRiD_28_1536_1536,0.0,0.0,,,0.0,0.0,,
IDRiD_28_1536_2048,0.0,0.0,0.0,0.0,0.0,0.0,,
IDRiD_28_1536_2560,0.0,0.0,0.0,0.0,0.0,0.0,,
IDRiD_28_1536_3072,,,0.0,0.0,,,,
IDRiD_28_2048_1024,0.0,0.0,,,,,,
IDRiD_28_2048_1536,0.0,0.0,0.0,0.0,,,,
IDRiD_28_2048_2048,0.0,0.0,0.0,0.0,,,,
IDRiD_28_2048_2560,0.0,0.0,0.0,0.0,,,,
IDRiD_28_2048_3072,0.0,0.0,,,,,,
IDRiD_28_2048_512,0.0,0.0,,,,,,
IDRiD_28_512_1536,0.0,0.0,,,,,,
IDRiD_28_512_2048,0.0,0.0,0.0,0.0,0.0,0.0,,
IDRiD_28_512_2560,0.0,0.0,0.0,0.0,,,,
IDRiD_28_512_3072,0.0,0.0,,,,,,
IDRiD_29_0_1024,,,0.0,0.0,,,,
IDRiD_29_0_1536,,,0.0,0.0,,,,
IDRiD_29_0_2560,0.0,0.0,0.0,0.0,,,,
IDRiD_29_1024_1024,,,,,0.0,0.0,,
IDRiD_29_1024_2048,,,0.0,0.0,,,,
IDRiD_29_1024_2560,,,0.0,0.0,,,,
IDRiD_29_1024_3072,0.0,0.0,,,,,,
IDRiD_29_1536_1024,,,0.0,0.0,0.0,0.0,,
IDRiD_29_1536_1536,,,0.0,0.0,,,,
IDRiD_29_1536_2560,,,0.0,0.0,,,,
IDRiD_29_1536_3072,0.0,0.0,0.0,0.0,,,,
IDRiD_29_2048_1024,,,0.0,0.0,0.0,0.0,,
IDRiD_29_2048_1536,,,0.0,0.0,,,,
IDRiD_29_2048_2560,,,0.0,0.0,0.0,0.0,,
IDRiD_29_2048_3072,,,0.0,0.0,,,,
IDRiD_29_512_2048,,,0.0,0.0,,,,
IDRiD_29_512_2560,,,0.0,0.0,,,,
IDRiD_29_512_3072,,,0.0,0.0,,,,
IDRiD_30_0_1024,,,0.0,0.0,,,,
IDRiD_30_0_2048,0.0,0.0,0.0,0.0,,,,
IDRiD_30_0_2560,0.0,0.0,0.0,0.0,,,0.0,0.0
IDRiD_30_1024_1024,0.0,0.0,,,0.0,0.0,,
IDRiD_30_1024_1536,,,,,0.0,0.0,,
IDRiD_30_1024_2048,0.0,0.0,0.0,0.0,0.0,0.0,,
IDRiD_30_1024_512,0.0,0.0,0.0,0.0,0.0,0.0,,
IDRiD_30_1536_1024,,,,,0.0,0.0,,
IDRiD_30_1536_1536,,,,,0.0,0.0,,
IDRiD_30_1536_2048,0.0,0.0,0.0,0.0,0.0,0.0,,
IDRiD_30_1536_2560,,,0.0,0.0,,,,
IDRiD_30_1536_512,0.0,0.0,0.0,0.0,0.0,0.0,,
IDRiD_30_2048_2048,0.0,0.0,0.0,0.0,,,,
IDRiD_30_2048_2560,,,,,,,0.0,0.0
IDRiD_30_512_1024,0.0,0.0,,,,,,
IDRiD_30_512_2560,,,0.0,0.0,,,,
IDRiD_30_512_512,0.0,0.0,,,,,,
IDRiD_31_0_1024,,,0.0,0.0,,,,
IDRiD_31_0_1536,0.0,0.0,0.0,0.0,0.0,0.0,0.0,0.0
IDRiD_31_0_2048,0.0,0.0,0.0,0.0,0.0,0.0,0.0,0.0
IDRiD_31_0_2560,0.0,0.0,0.0,0.0,0.0,0.0,0.0,0.0
IDRiD_31_0_3072,0.0,0.0,,,,,0.0,0.0
IDRiD_31_0_512,,,0.0,0.0,,,,
IDRiD_31_1024_0,,,0.0,0.0,,,0.0,0.0
IDRiD_31_1024_1536,0.0,0.0,0.0,0.0,0.0,0.0,,
IDRiD_31_1024_2048,,,0.0,0.0,0.0,0.0,,
IDRiD_31_1024_2560,0.0,0.0,,,,,,
IDRiD_31_1024_3072,0.0,0.0,,,,,,
IDRiD_31_1024_512,0.0,0.0,,,,,0.0,0.0
IDRiD_31_1536_0,0.0,0.0,,,,,0.0,0.0
IDRiD_31_1536_1024,0.0,0.0,,,0.0,0.0,,
IDRiD_31_1536_1536,0.0,0.0,0.0,0.0,,,,
IDRiD_31_1536_2048,0.0,0.0,,,0.0,0.0,,
IDRiD_31_1536_2560,,,,,0.0,0.0,,
IDRiD_31_1536_512,0.0,0.0,0.0,0.0,0.0,0.0,0.0,0.0
IDRiD_31_2048_1024,,,0.0,0.0,,,,
IDRiD_31_2048_2048,,,,,0.0,0.0,,
IDRiD_31_512_0,0.0,0.0,,,0.0,0.0,,
IDRiD_31_512_1024,0.0,0.0,,,,,,
IDRiD_31_512_1536,0.0,0.0,0.0,0.0,,,,
IDRiD_31_512_2048,0.0,0.0,0.0,0.0,0.0,0.0,,
IDRiD_31_512_2560,0.0,0.0,0.0,0.0,0.0,0.0,,
IDRiD_31_512_3072,0.0,0.0,,,,,0.0,0.0
IDRiD_31_512_512,0.0,0.0,0.0,0.0,0.0,0.0,,
IDRiD_32_0_1024,0.0,0.0,,,,,,
IDRiD_32_0_2048,,,0.0,0.0,,,0.0,0.0
IDRiD_32_0_2560,,,,,,,0.0,0.0
IDRiD_32_0_512,0.0,0.0,,,,,,
IDRiD_32_1024_2048,,,0.0,0.0,0.0,0.0,,
IDRiD_32_1024_2560,0.0,0.0,,,0.0,0.0,,
IDRiD_32_1024_3072,0.0,0.0,0.0,0.0,0.0,0.0,,
IDRiD_32_1536_0,0.0,0.0,,,,,,
IDRiD_32_1536_1024,,,,,0.0,0.0,,
IDRiD_32_1536_2048,,,,,0.0,0.0,,
IDRiD_32_1536_2560,,,,,0.0,0.0,,
IDRiD_32_1536_3072,,,,,0.0,0.0,,
IDRiD_32_1536_512,0.0,0.0,,,,,,
IDRiD_32_2048_0,0.0,0.0,,,,,,
IDRiD_32_2048_1024,0.0,0.0,,,,,0.0,0.0
IDRiD_32_2048_1536,0.0,0.0,0.0,0.0,,,,
IDRiD_32_2048_2048,0.0,0.0,,,,,0.0,0.0
IDRiD_32_2048_2560,0.0,0.0,,,,,,
IDRiD_32_2048_3072,0.0,0.0,0.0,0.0,,,,
IDRiD_32_2048_512,0.0,0.0,,,,,0.0,0.0
IDRiD_32_512_1024,0.0,0.0,,,,,,
IDRiD_32_512_2048,,,,,0.0,0.0,,
IDRiD_32_512_2560,,,0.0,0.0,0.0,0.0,0.0,0.0
IDRiD_32_512_3072,,,,,0.0,0.0,,
IDRiD_32_512_512,0.0,0.0,,,,,,
IDRiD_33_0_1024,0.0,0.0,,,0.0,0.0,,
IDRiD_33_0_1536,0.0,0.0,0.0,0.0,,,,
IDRiD_33_0_2048,0.0,0.0,0.0,0.0,,,,
IDRiD_33_0_2560,0.0,0.0,0.0,0.0,,,,
IDRiD_33_0_3072,0.0,0.0,0.0,0.0,,,,
IDRiD_33_1024_0,0.0,0.0,,,0.0,0.0,,
IDRiD_33_1024_1024,0.0,0.0,0.0,0.0,0.0,0.0,,
IDRiD_33_1024_1536,0.0,0.0,0.0,0.0,0.0,0.0,,
IDRiD_33_1024_2048,0.0,0.0,0.0,0.0,0.0,0.0,,
IDRiD_33_1024_2560,0.0,0.0,0.0,0.0,0.0,0.0,,
IDRiD_33_1024_3072,0.0,0.0,0.0,0.0,0.0,0.0,,
IDRiD_33_1024_3584,,,0.0,0.0,,,,
IDRiD_33_1024_512,0.0,0.0,,,0.0,0.0,,
IDRiD_33_1536_0,,,0.0,0.0,0.0,0.0,,
IDRiD_33_1536_1024,0.0,0.0,0.0,0.0,0.0,0.0,,
IDRiD_33_1536_1536,0.0,0.0,0.0,0.0,0.0,0.0,,
IDRiD_33_1536_2048,0.0,0.0,0.0,0.0,0.0,0.0,,
IDRiD_33_1536_2560,0.0,0.0,0.0,0.0,0.0,0.0,,
IDRiD_33_1536_3072,0.0,0.0,0.0,0.0,,,,
IDRiD_33_1536_3584,0.0,0.0,,,,,,
IDRiD_33_1536_512,0.0,0.0,,,0.0,0.0,,
IDRiD_33_2048_1024,,,0.0,0.0,0.0,0.0,,
IDRiD_33_2048_1536,0.0,0.0,0.0,0.0,0.0,0.0,,
IDRiD_33_2048_2048,0.0,0.0,0.0,0.0,0.0,0.0,,
IDRiD_33_2048_2560,0.0,0.0,0.0,0.0,0.0,0.0,,
IDRiD_33_2048_3072,0.0,0.0,0.0,0.0,,,,
IDRiD_33_2048_512,0.0,0.0,0.0,0.0,0.0,0.0,0.0,0.0
IDRiD_33_512_0,0.0,0.0,,,,,,
IDRiD_33_512_1536,0.0,0.0,0.0,0.0,0.0,0.0,,
IDRiD_33_512_2048,0.0,0.0,0.0,0.0,0.0,0.0,,
IDRiD_33_512_2560,0.0,0.0,0.0,0.0,0.0,0.0,,
IDRiD_33_512_3072,0.0,0.0,0.0,0.0,,,,
IDRiD_33_512_512,0.0,0.0,0.0,0.0,,,,
IDRiD_34_0_1024,0.0,0.0,0.0,0.0,0.0,0.0,,
IDRiD_34_0_1536,,,0.0,0.0,,,,
IDRiD_34_0_2048,0.0,0.0,,,,,,
IDRiD_34_0_2560,0.0,0.0,,,0.0,0.0,,
IDRiD_34_0_3072,,,0.036424282854993835,0.9254237284998563,0.0,0.0,,
IDRiD_34_0_512,0.0,0.0,,,,,,
IDRiD_34_1024_1024,,,,,0.0,0.0,,
IDRiD_34_1024_1536,,,0.0,0.0,0.0,0.0,,
IDRiD_34_1024_2048,,,0.0,0.0,,,,
IDRiD_34_1024_3072,0.0,0.0,0.0,0.0,0.0,0.0,,
IDRiD_34_1024_3584,0.0,0.0,,,,,,
IDRiD_34_1024_512,,,,,0.0,0.0,,
IDRiD_34_1536_0,0.0,0.0,,,,,,
IDRiD_34_1536_1024,0.0,0.0,0.0,0.0,0.0,0.0,,
IDRiD_34_1536_1536,0.0,0.0,0.0,0.0,0.0,0.0,,
IDRiD_34_1536_2048,0.0,0.0,0.0,0.0,,,,
IDRiD_34_1536_3072,0.0,0.0,,,0.0,0.0,,
IDRiD_34_1536_3584,0.0,0.0,,,,,,
IDRiD_34_1536_512,0.0,0.0,0.0,0.0,,,,
IDRiD_34_2048_0,0.0,0.0,,,,,,
IDRiD_34_2048_1024,0.0,0.0,0.0,0.0,0.0,0.0,,
IDRiD_34_2048_1536,0.0,0.0,,,0.0,0.0,,
IDRiD_34_2048_2048,0.0,0.0,0.0,0.0,0.0,0.0,,
IDRiD_34_2048_2560,0.0,0.0,,,,,,
IDRiD_34_2048_3072,,,,,0.0,0.0,,
IDRiD_34_2048_512,0.0,0.0,0.0,0.0,0.0,0.0,,
IDRiD_34_512_1024,0.0,0.0,0.0,0.0,0.0,0.0,,
IDRiD_34_512_1536,0.0,0.0,0.0,0.0,0.0,0.0,,
IDRiD_34_512_2560,0.0,0.0,,,0.0,0.0,,
IDRiD_34_512_3072,0.0,0.0,0.0,0.0,0.0,0.0,,
IDRiD_34_512_3584,0.0,0.0,,,,,,
IDRiD_34_512_512,0.0,0.0,0.0,0.0,,,,
IDRiD_35_0_1024,,,0.0,0.0,0.0,0.0,,
IDRiD_35_0_1536,0.0,0.0,,,0.0,0.0,0.0,0.0
IDRiD_35_0_2048,0.0,0.0,0.0,0.0,,,0.0,0.0
IDRiD_35_0_2560,0.0,0.0,,,,,,
IDRiD_35_1024_0,0.0,0.0,,,,,,
IDRiD_35_1024_1024,0.0,0.0,,,,,,
IDRiD_35_1024_1536,0.0,0.0,,,0.0,0.0,0.0,0.0
IDRiD_35_1024_2048,0.0,0.0,0.0,0.0,0.0,0.0,,
IDRiD_35_1024_2560,0.0,0.0,0.0,0.0,0.0,0.0,,
IDRiD_35_1024_3072,0.0,0.0,,,,,,
IDRiD_35_1024_512,0.0,0.0,0.0,0.0,,,,
IDRiD_35_1536_0,0.0,0.0,,,,,,
IDRiD_35_1536_1024,,,0.0,0.0,,,,
IDRiD_35_1536_1536,,,0.0,0.0,,,,
IDRiD_35_1536_2048,,,0.0,0.0,0.0,0.0,,
IDRiD_35_1536_2560,0.0,0.0,0.0,0.0,0.0,0.0,,
IDRiD_35_1536_3072,0.0,0.0,,,,,,
IDRiD_35_1536_512,0.0,0.0,,,,,,
IDRiD_35_2048_1024,,,,,,,0.0,0.0
IDRiD_35_2048_2048,0.0,0.0,0.0,0.0,0.0,0.0,,
IDRiD_35_2048_512,0.0,0.0,,,,,0.0,0.0
IDRiD_35_512_0,0.0,0.0,,,,,,
IDRiD_35_512_1024,,,0.0,0.0,,,,
IDRiD_35_512_1536,0.0,0.0,,,0.0,0.0,0.0,0.0
IDRiD_35_512_2048,0.0,0.0,0.0,0.0,0.0,0.0,0.0,0.0
IDRiD_35_512_2560,0.0,0.0,0.0,0.0,,,,
IDRiD_35_512_512,0.0,0.0,0.0,0.0,,,,
IDRiD_36_0_1024,,,0.0,0.0,,,,
IDRiD_36_0_1536,0.0,0.0,0.0,0.0,0.0,0.0,,
IDRiD_36_1024_1024,,,0.0,0.0,0.0,0.0,,
IDRiD_36_1024_1536,0.0,0.0,0.0,0.0,0.0,0.0,,
IDRiD_36_1024_2048,,,0.0,0.0,,,,
IDRiD_36_1024_3584,0.0,0.0,,,,,,
IDRiD_36_1024_512,0.0,0.0,0.0,0.0,,,,
IDRiD_36_1536_1024,,,0.0,0.0,0.0,0.0,,
IDRiD_36_1536_1536,0.0,0.0,,,,,,
IDRiD_36_1536_2048,0.0,0.0,,,,,,
IDRiD_36_1536_3584,0.0,0.0,,,,,,
IDRiD_36_1536_512,0.0,0.0,0.0,0.0,0.0,0.0,,
IDRiD_36_2048_1024,,,0.0,0.0,0.0,0.0,,
IDRiD_36_2048_1536,,,0.0,0.0,,,,
IDRiD_36_2048_3072,0.0,0.0,,,,,,
IDRiD_36_2048_512,0.0,0.0,0.0,0.0,,,,
IDRiD_36_512_1024,,,0.0,0.0,,,,
IDRiD_36_512_1536,,,0.0,0.0,0.0,0.0,,
IDRiD_36_512_2048,,,0.0,0.0,0.0,0.0,,
IDRiD_37_0_1024,0.0,0.0,,,0.0,0.0,,
IDRiD_37_0_1536,,,0.0,0.0,,,,
IDRiD_37_0_2048,,,0.0,0.0,0.0,0.0,,
IDRiD_37_1024_1024,,,0.0,0.0,,,,
IDRiD_37_1024_1536,0.0,0.0,0.0,0.0,0.0,0.0,,
IDRiD_37_1024_2048,,,0.0,0.0,0.0,0.0,,
IDRiD_37_1024_2560,,,0.0,0.0,0.0,0.0,,
IDRiD_37_1024_3072,,,0.0,0.0,,,,
IDRiD_37_1536_1536,,,0.0,0.0,,,,
IDRiD_37_1536_2048,0.0,0.0,,,0.0,0.0,,
IDRiD_37_1536_2560,,,0.0,0.0,0.0,0.0,,
IDRiD_37_1536_3072,0.0,0.0,0.0,0.0,0.0,0.0,,
IDRiD_37_1536_512,0.0,0.0,,,,,,
IDRiD_37_2048_3072,,,0.0,0.0,,,,
IDRiD_37_2048_512,0.0,0.0,,,,,,
IDRiD_37_512_1536,0.0,0.0,,,0.0,0.0,,
IDRiD_37_512_2048,0.0,0.0,0.0,0.0,0.0,0.0,,
IDRiD_37_512_2560,,,0.0,0.0,0.0,0.0,,
IDRiD_38_0_2048,,,0.0,0.0,,,,
IDRiD_38_0_2560,,,0.0,0.0,,,,
IDRiD_38_0_512,,,,,0.0,0.0,,
IDRiD_38_1024_1024,,,0.0,0.0,0.0,0.0,,
IDRiD_38_1024_1536,0.0,0.0,0.0,0.0,,,,
IDRiD_38_1024_2048,,,0.0,0.0,,,,
IDRiD_38_1024_3072,,,0.0,0.0,,,,
IDRiD_38_1536_1024,,,0.0,0.0,0.0,0.0,,
IDRiD_38_1536_1536,,,0.0,0.0,0.0,0.0,,
IDRiD_38_1536_2048,,,0.0,0.0,0.0,0.0,,
IDRiD_38_1536_2560,,,0.0,0.0,,,,
IDRiD_38_1536_3072,,,,,,,0.0,0.0
IDRiD_38_2048_1024,,,0.0,0.0,0.0,0.0,,
IDRiD_38_2048_1536,,,0.0,0.0,0.0,0.0,,
IDRiD_38_2048_2048,0.0,0.0,,,,,,
IDRiD_38_512_1024,,,0.0,0.0,0.0,0.0,,
IDRiD_38_512_1536,,,0.0,0.0,0.0,0.0,,
IDRiD_38_512_2560,0.0,0.0,0.0,0.0,0.0,0.0,,
IDRiD_38_512_3072,,,0.0,0.0,,,0.0,0.0
IDRiD_39_0_1024,0.0,0.0,0.0,0.0,,,0.0,0.0
IDRiD_39_0_1536,0.0,0.0,0.0,0.0,0.0,0.0,,
IDRiD_39_0_2048,0.0,0.0,0.0,0.0,,,,
IDRiD_39_0_2560,0.0,0.0,,,,,0.0,0.0
IDRiD_39_0_3072,0.0,0.0,,,,,,
IDRiD_39_0_512,0.0,0.0,0.0,0.0,0.0,0.0,0.0,0.0
IDRiD_39_1024_0,0.0,0.0,0.0,0.0,,,,
IDRiD_39_1024_1024,0.0,0.0,0.0,0.0,0.0,0.0,,
IDRiD_39_1024_1536,0.0,0.0,0.0,0.0,0.0,0.0,,
IDRiD_39_1024_2048,0.0,0.0,0.0,0.0,0.0,0.0,,
IDRiD_39_1024_3072,0.0,0.0,0.0,0.0,0.0,0.0,,
IDRiD_39_1024_3584,0.0,0.0,,,0.0,0.0,,
IDRiD_39_1024_512,0.0,0.0,0.0,0.0,0.0,0.0,,
IDRiD_39_1536_0,,,0.0,0.0,,,,
IDRiD_39_1536_1024,0.0,0.0,0.0,0.0,0.0,0.0,,
IDRiD_39_1536_1536,0.0,0.0,0.0,0.0,0.0,0.0,,
IDRiD_39_1536_2048,0.0,0.0,0.0,0.0,,,,
IDRiD_39_1536_2560,0.0,0.0,0.0,0.0,,,,
IDRiD_39_1536_3072,0.0,0.0,0.0,0.0,0.0,0.0,,
IDRiD_39_1536_512,0.0,0.0,0.0,0.0,,,,
IDRiD_39_2048_0,0.0,0.0,,,,,,
IDRiD_39_2048_1024,0.0,0.0,0.0,0.0,0.0,0.0,0.0,0.0
IDRiD_39_2048_1536,0.0,0.0,0.0,0.0,0.0,0.0,,
IDRiD_39_2048_2048,0.0,0.0,0.0,0.0,,,,
IDRiD_39_2048_2560,0.0,0.0,0.0,0.0,,,,
IDRiD_39_2048_3072,0.0,0.0,,,,,0.0,0.0
IDRiD_39_2048_512,0.0,0.0,0.0,0.0,0.0,0.0,0.0,0.0
IDRiD_39_512_0,,,0.0,0.0,,,,
IDRiD_39_512_1024,0.0,0.0,0.0,0.0,0.0,0.0,,
IDRiD_39_512_1536,0.0,0.0,0.0,0.0,0.0,0.0,,
IDRiD_39_512_2048,0.0,0.0,0.0,0.0,0.0,0.0,,
IDRiD_39_512_2560,0.0,0.0,0.0,0.0,,,0.0,0.0
IDRiD_39_512_512,0.0,0.0,0.0,0.0,0.0,0.0,,
IDRiD_40_0_1024,0.0,0.0,0.0,0.0,,,,
IDRiD_40_0_1536,0.0,0.0,0.0,0.0,,,,
IDRiD_40_0_2048,,,0.0,0.0,0.0,0.0,,
IDRiD_40_1024_0,,,0.0,0.0,0.0,0.0,,
IDRiD_40_1024_2048,,,0.0,0.0,0.0,0.0,,
IDRiD_40_1024_2560,,,0.0,0.0,0.0,0.0,,
IDRiD_40_1024_3072,,,0.0,0.0,,,,
IDRiD_40_1536_1536,,,,,0.0,0.0,,
IDRiD_40_1536_2048,,,0.0,0.0,0.0,0.0,,
IDRiD_40_1536_2560,,,0.0,0.0,,,,
IDRiD_40_1536_3072,,,0.0,0.0,,,,
IDRiD_40_1536_512,,,,,0.0,0.0,,
IDRiD_40_2048_1024,,,0.0,0.0,,,,
IDRiD_40_2048_1536,0.0,0.0,0.0,0.0,,,,
IDRiD_40_2048_2048,,,0.0,0.0,0.0,0.0,,
IDRiD_40_2048_2560,,,0.0,0.0,,,,
IDRiD_40_2048_3072,,,0.0,0.0,,,,
IDRiD_40_2048_512,,,0.0,0.0,,,,
IDRiD_40_512_1536,,,0.0,0.0,,,,
IDRiD_40_512_2048,,,,,0.0,0.0,,
IDRiD_40_512_2560,,,0.0,0.0,0.0,0.0,,
IDRiD_41_0_3072,,,0.0,0.0,,,,
IDRiD_41_1024_1024,0.0,0.0,0.0,0.0,,,,
IDRiD_41_1024_1536,,,0.0,0.0,0.0,0.0,,
IDRiD_41_1024_2048,,,,,0.0,0.0,,
IDRiD_41_1024_512,,,,,0.0,0.0,,
IDRiD_41_1536_1024,,,,,0.0,0.0,,
IDRiD_41_1536_3072,0.0,0.0,0.0,0.0,,,,
IDRiD_41_1536_3584,0.0,0.0,,,,,,
IDRiD_41_1536_512,,,,,0.0,0.0,,
IDRiD_41_2048_1024,0.0,0.0,0.0,0.0,,,,
IDRiD_41_2048_2048,,,0.0,0.0,,,,
IDRiD_41_2048_2560,,,0.0,0.0,,,,
IDRiD_41_512_1536,,,0.0,0.0,0.0,0.0,,
IDRiD_41_512_2048,,,,,0.0,0.0,,
IDRiD_41_512_3072,,,,,0.0,0.0,,
IDRiD_42_0_1024,,,,,0.0,0.0,,
IDRiD_42_0_512,0.0,0.0,0.0,0.0,,,,
IDRiD_42_1024_0,,,0.0,0.0,0.0,0.0,,
IDRiD_42_1024_1536,,,0.0,0.0,,,,
IDRiD_42_1024_2048,,,,,0.0,0.0,,
IDRiD_42_1024_2560,,,,,0.0,0.0,,
IDRiD_42_1024_3072,,,,,0.0,0.0,,
IDRiD_42_1024_512,,,,,0.0,0.0,,
IDRiD_42_1536_0,0.0,0.0,,,,,,
IDRiD_42_1536_1536,,,0.0,0.0,,,,
IDRiD_42_1536_2048,,,0.0,0.0,0.0,0.0,,
IDRiD_42_1536_2560,,,,,0.0,0.0,,
IDRiD_42_2048_1536,,,0.0,0.0,,,,
IDRiD_42_2048_2048,,,,,0.0,0.0,,
IDRiD_42_2048_2560,,,0.0,0.0,0.0,0.0,,
IDRiD_42_512_1536,,,0.0,0.0,,,,
IDRiD_42_512_2048,,,0.0,0.0,,,,
IDRiD_42_512_2560,,,,,0.0,0.0,,
IDRiD_42_512_3072,,,,,0.0,0.0,,
IDRiD_42_512_512,0.0,0.0,,,0.0,0.0,,
IDRiD_43_1024_2048,,,,,0.0,0.0,,
IDRiD_43_1024_2560,,,0.0,0.0,0.0,0.0,,
IDRiD_43_1024_3072,,,,,0.0,0.0,,
IDRiD_43_1024_3584,,,,,0.0,0.0,,
IDRiD_43_1536_2048,,,,,0.0,0.0,,
IDRiD_43_1536_2560,,,,,0.0,0.0,,
IDRiD_43_512_2048,,,,,0.0,0.0,,
IDRiD_43_512_2560,,,,,0.0,0.0,,
IDRiD_43_512_3072,,,,,0.0,0.0,,
IDRiD_44_0_1024,,,0.0,0.0,,,,
IDRiD_44_0_2560,,,,,0.0,0.0,,
IDRiD_44_0_3072,,,,,0.0,0.0,,
IDRiD_44_0_512,,,,,0.0,0.0,,
IDRiD_44_1024_0,,,,,0.0,0.0,,
IDRiD_44_1024_1024,,,0.0,0.0,0.0,0.0,,
IDRiD_44_1024_1536,,,,,0.0,0.0,,
IDRiD_44_1024_3072,,,,,0.0,0.0,,
IDRiD_44_1024_512,,,,,0.0,0.0,,
IDRiD_44_1536_1024,0.0,0.0,,,0.0,0.0,,
IDRiD_44_1536_1536,,,,,0.0,0.0,,
IDRiD_44_1536_2560,,,,,0.0,0.0,,
IDRiD_44_1536_3072,,,,,0.0,0.0,,
IDRiD_44_1536_512,,,0.0,0.0,0.0,0.0,,
IDRiD_44_2048_1024,,,,,0.0,0.0,,
IDRiD_44_2048_1536,0.0,0.0,,,0.0,0.0,,
IDRiD_44_2048_512,,,0.0,0.0,0.0,0.0,,
IDRiD_44_512_1024,,,0.0,0.0,,,,
IDRiD_44_512_1536,0.0,0.0,0.0,0.0,,,,
IDRiD_44_512_2048,,,,,0.0,0.0,,
IDRiD_44_512_2560,,,0.0,0.0,0.0,0.0,,
IDRiD_44_512_512,,,0.0,0.0,,,,
IDRiD_45_0_1024,,,0.0,0.0,0.0,0.0,,
IDRiD_45_0_1536,0.0,0.0,0.0,0.0,0.0,0.0,,
IDRiD_45_0_2048,,,,,0.0,0.0,,
IDRiD_45_0_2560,,,,,0.0,0.0,,
IDRiD_45_0_512,,,,,0.0,0.0,,
IDRiD_45_1024_1024,0.0,0.0,0.0,0.0,0.0,0.0,,
IDRiD_45_1024_2560,,,,,0.0,0.0,,
IDRiD_45_1024_512,,,,,0.0,0.0,,
IDRiD_45_1536_0,,,0.0,0.0,,,,
IDRiD_45_1536_1024,,,0.0,0.0,0.0,0.0,,
IDRiD_45_1536_1536,,,,,0.0,0.0,,
IDRiD_45_1536_2048,,,0.0,0.0,,,,
IDRiD_45_1536_2560,,,,,0.0,0.0,,
IDRiD_45_1536_3072,,,,,0.0,0.0,,
IDRiD_45_1536_512,,,0.0,0.0,0.0,0.0,,
IDRiD_45_2048_1024,0.0,0.0,0.0,0.0,0.0,0.0,,
IDRiD_45_2048_1536,,,0.0,0.0,,,,
IDRiD_45_2048_2560,,,,,0.0,0.0,,
IDRiD_45_2048_512,,,,,0.0,0.0,,
IDRiD_45_512_1024,,,0.0,0.0,0.0,0.0,,
IDRiD_45_512_1536,,,,,0.0,0.0,,
IDRiD_45_512_2560,,,,,0.0,0.0,,
IDRiD_45_512_512,,,,,0.0,0.0,,
IDRiD_46_0_1024,,,0.0,0.0,,,,
IDRiD_46_0_1536,0.0,0.0,,,,,,
IDRiD_46_1024_1024,0.0,0.0,0.0,0.0,0.0,0.0,,
IDRiD_46_1024_1536,0.0,0.0,0.0,0.0,0.0,0.0,,
IDRiD_46_1024_2048,0.0,0.0,0.0,0.0,0.0,0.0,,
IDRiD_46_1536_1024,0.0,0.0,0.0,0.0,,,,
IDRiD_46_1536_1536,0.0,0.0,0.0,0.0,0.0,0.0,,
IDRiD_46_1536_2048,0.0,0.0,0.0,0.0,,,,
IDRiD_46_1536_512,0.0,0.0,,,,,,
IDRiD_46_2048_1024,0.0,0.0,0.0,0.0,,,0.0,0.0
IDRiD_46_2048_1536,0.0,0.0,0.0,0.0,,,,
IDRiD_46_2048_2048,0.0,0.0,0.0,0.0,0.0,0.0,0.0,0.0
IDRiD_46_2048_2560,,,,,,,0.0,0.0
IDRiD_46_2048_3072,0.0,0.0,0.0,0.0,,,0.0,0.0
IDRiD_46_2048_512,0.0,0.0,0.0,0.0,0.0,0.0,0.0,0.0
IDRiD_46_512_1024,0.0,0.0,0.0,0.0,,,,
IDRiD_46_512_1536,0.0,0.0,0.0,0.0,0.0,0.0,0.0,0.0
IDRiD_46_512_2048,0.0,0.0,0.0,0.0,0.0,0.0,0.0,0.0
IDRiD_47_0_1024,0.0,0.0,,,0.0,0.0,,
IDRiD_47_0_1536,,,,,0.0,0.0,,
IDRiD_47_0_2048,,,0.0,0.0,0.0,0.0,,
IDRiD_47_0_2560,0.0,0.0,0.0,0.0,,,0.0,0.0
IDRiD_47_0_512,,,,,0.0,0.0,,
IDRiD_47_1024_0,,,,,0.0,0.0,,
IDRiD_47_1024_1024,0.0,0.0,,,,,,
IDRiD_47_1024_2048,,,0.0,0.0,0.0,0.0,,
IDRiD_47_1024_3072,0.0,0.0,,,,,,
IDRiD_47_1024_3584,,,0.0,0.0,,,,
IDRiD_47_1024_512,,,0.0,0.0,0.0,0.0,,
IDRiD_47_1536_0,,,0.0,0.0,,,,
IDRiD_47_1536_1024,,,,,0.0,0.0,,
IDRiD_47_1536_1536,,,,,0.0,0.0,,
IDRiD_47_1536_3072,0.0,0.0,,,,,,
IDRiD_47_1536_512,,,0.0,0.0,,,,
IDRiD_47_2048_0,,,,,0.0,0.0,,
IDRiD_47_2048_1536,0.0,0.0,,,,,,
IDRiD_47_2048_2048,0.0,0.0,,,,,,
IDRiD_47_2048_2560,0.0,0.0,0.0,0.0,,,,
IDRiD_47_2048_512,,,,,0.0,0.0,,
IDRiD_47_512_0,,,,,0.0,0.0,,
IDRiD_47_512_1024,,,0.0,0.0,,,,
IDRiD_47_512_1536,,,0.0,0.0,,,,
IDRiD_47_512_2048,,,,,0.0,0.0,,
IDRiD_47_512_2560,,,,,0.0,0.0,,
IDRiD_47_512_512,,,0.0,0.0,0.0,0.0,,
IDRiD_48_0_1536,,,0.0,0.0,,,,
IDRiD_48_0_2048,0.0,0.0,0.0,0.0,0.0,0.0,,
IDRiD_48_0_2560,0.0,0.0,0.0,0.0,0.0,0.0,,
IDRiD_48_0_3072,,,0.0,0.0,,,,
IDRiD_48_1024_0,0.0,0.0,0.0,0.0,,,,
IDRiD_48_1024_1024,0.0,0.0,0.0,0.0,0.0,0.0,0.0,0.0
IDRiD_48_1024_1536,0.0,0.0,,,0.0,0.0,,
IDRiD_48_1024_2048,0.0,0.0,0.0,0.0,0.0,0.0,,
IDRiD_48_1024_2560,0.0,0.0,0.0,0.0,0.0,0.0,,
IDRiD_48_1024_3072,0.0,0.0,0.0,0.0,0.0,0.0,,
IDRiD_48_1024_512,0.0,0.0,,,,,,
IDRiD_48_1536_1024,,,,,0.0,0.0,0.0,0.0
IDRiD_48_1536_1536,0.0,0.0,0.0,0.0,0.0,0.0,,
IDRiD_48_1536_2048,,,,,0.0,0.0,,
IDRiD_48_1536_2560,0.0,0.0,0.0,0.0,0.0,0.0,,
IDRiD_48_1536_3072,0.0,0.0,0.0,0.0,0.0,0.0,0.0,0.0
IDRiD_48_1536_512,0.0,0.0,0.0,0.0,0.0,0.0,,
IDRiD_48_2048_1024,,,0.0,0.0,0.0,0.0,0.0,0.0
IDRiD_48_2048_1536,,,,,0.0,0.0,,
IDRiD_48_2048_2048,0.0,0.0,0.0,0.0,0.0,0.0,,
IDRiD_48_2048_2560,0.0,0.0,0.0,0.0,0.0,0.0,,
IDRiD_48_2048_3072,0.0,0.0,0.0,0.0,,,,
IDRiD_48_2048_512,0.0,0.0,,,0.0,0.0,,
IDRiD_48_512_1024,0.0,0.0,0.0,0.0,0.0,0.0,0.0,0.0
IDRiD_48_512_1536,0.0,0.0,0.0,0.0,0.0,0.0,0.0,0.0
IDRiD_48_512_2048,0.0,0.0,0.0,0.0,0.0,0.0,,
IDRiD_48_512_2560,0.0,0.0,0.0,0.0,0.0,0.0,,
IDRiD_48_512_3072,0.0,0.0,0.0,0.0,0.0,0.0,,
IDRiD_48_512_512,,,0.0,0.0,,,,
IDRiD_49_0_1024,0.0,0.0,0.0,0.0,0.0,0.0,,
IDRiD_49_0_1536,0.0,0.0,0.0,0.0,0.0,0.0,0.0,0.0
IDRiD_49_0_2048,0.0,0.0,0.0,0.0,0.0,0.0,,
IDRiD_49_0_2560,0.0,0.0,0.0,0.0,0.0,0.0,,
IDRiD_49_0_3072,0.0,0.0,0.0,0.0,0.0,0.0,,
IDRiD_49_0_512,0.0,0.0,,,0.0,0.0,,
IDRiD_49_1024_1024,0.0,0.0,0.0,0.0,0.0,0.0,,
IDRiD_49_1024_1536,0.0,0.0,0.0,0.0,0.0,0.0,,
IDRiD_49_1024_2048,,,0.0,0.0,0.0,0.0,,
IDRiD_49_1024_2560,,,,,0.0,0.0,,
IDRiD_49_1024_3072,,,0.0,0.0,0.0,0.0,,
IDRiD_49_1024_512,0.0,0.0,,,0.0,0.0,,
IDRiD_49_1536_1024,0.0,0.0,0.0,0.0,0.0,0.0,,
IDRiD_49_1536_1536,,,,,0.0,0.0,,
IDRiD_49_1536_2048,,,,,0.0,0.0,,
IDRiD_49_1536_512,0.0,0.0,0.0,0.0,0.0,0.0,,
IDRiD_49_2048_1024,0.0,0.0,0.0,0.0,0.0,0.0,,
IDRiD_49_2048_1536,0.0,0.0,0.0,0.0,0.0,0.0,,
IDRiD_49_2048_2048,0.0,0.0,0.0,0.0,0.0,0.0,,
IDRiD_49_2048_2560,,,0.0,0.0,,,,
IDRiD_49_2048_3072,0.0,0.0,0.0,0.0,0.0,0.0,,
IDRiD_49_2048_512,0.0,0.0,0.0,0.0,0.0,0.0,,
IDRiD_49_512_0,,,,,0.0,0.0,,
IDRiD_49_512_1024,0.0,0.0,,,0.0,0.0,0.0,0.0
IDRiD_49_512_1536,0.0,0.0,0.0,0.0,0.0,0.0,0.0,0.0
IDRiD_49_512_2048,,,,,0.0,0.0,,
IDRiD_49_512_3072,0.0,0.0,0.0,0.0,,,,
IDRiD_49_512_512,0.0,0.0,0.0,0.0,0.0,0.0,,
IDRiD_50_0_1024,,,,,0.0,0.0,,
IDRiD_50_0_1536,,,,,0.0,0.0,,
IDRiD_50_0_2048,,,,,0.0,0.0,,
IDRiD_50_0_2560,,,,,,,0.0,0.0
IDRiD_50_0_512,,,,,0.0,0.0,,
IDRiD_50_1024_1024,0.0,0.0,,,0.0,0.0,,
IDRiD_50_1024_1536,0.0,0.0,0.0,0.0,0.0,0.0,0.0,0.0
IDRiD_50_1024_2048,,,,,0.0,0.0,,
IDRiD_50_1024_2560,0.0,0.0,,,0.0,0.0,,
IDRiD_50_1024_3072,0.0,0.0,,,,,,
IDRiD_50_1536_0,,,0.0,0.0,,,,
IDRiD_50_1536_1024,0.0,0.0,,,0.0,0.0,,
IDRiD_50_1536_1536,,,,,0.0,0.0,,
IDRiD_50_1536_2048,,,,,0.0,0.0,,
IDRiD_50_1536_2560,0.0,0.0,0.0,0.0,0.0,0.0,,
IDRiD_50_1536_3072,0.0,0.0,0.0,0.0,,,0.0,0.0
IDRiD_50_1536_512,0.0,0.0,,,0.0,0.0,,
IDRiD_50_2048_1024,0.0,0.0,0.0,0.0,0.0,0.0,,
IDRiD_50_2048_1536,,,,,0.0,0.0,,
IDRiD_50_2048_2048,,,,,0.0,0.0,,
IDRiD_50_2048_2560,,,,,0.0,0.0,,
IDRiD_50_2048_512,,,,,0.0,0.0,,
IDRiD_50_512_1536,,,0.0,0.0,0.0,0.0,,
IDRiD_50_512_2048,,,0.0,0.0,0.0,0.0,,
IDRiD_50_512_2560,0.0,0.0,0.0,0.0,0.0,0.0,0.0,0.0
IDRiD_51_0_1024,,,0.0,0.0,0.0,0.0,,
IDRiD_51_0_1536,0.0,0.0,0.0,0.0,,,,
IDRiD_51_0_2048,0.0,0.0,0.0,0.0,,,0.0,0.0
IDRiD_51_0_3072,,,0.0,0.0,,,,
IDRiD_51_1024_1024,,,0.0,0.0,0.0,0.0,,
IDRiD_51_1024_1536,0.0,0.0,0.0,0.0,0.0,0.0,0.0,0.0
IDRiD_51_1024_2048,,,,,0.0,0.0,,
IDRiD_51_1024_3072,0.0,0.0,,,,,,
IDRiD_51_1024_3584,0.0,0.0,,,,,,
IDRiD_51_1024_512,0.0,0.0,0.0,0.0,0.0,0.0,0.0,0.0
IDRiD_51_1536_0,,,0.0,0.0,,,,
IDRiD_51_1536_1024,,,0.0,0.0,,,,
IDRiD_51_1536_1536,,,0.0,0.0,0.0,0.0,0.0,0.0
IDRiD_51_1536_512,,,0.0,0.0,,,,
IDRiD_51_2048_1024,0.0,0.0,0.0,0.0,,,,
IDRiD_51_2048_1536,0.0,0.0,0.0,0.0,0.0,0.0,0.0,0.0
IDRiD_51_2048_2048,,,,,,,0.0,0.0
IDRiD_51_2048_2560,,,0.0,0.0,,,,
IDRiD_51_2048_512,0.0,0.0,0.0,0.0,0.0,0.0,0.0,0.0
IDRiD_51_512_1024,,,0.0,0.0,,,,
IDRiD_51_512_1536,,,,,0.0,0.0,,
IDRiD_51_512_2048,,,0.0,0.0,,,,
IDRiD_52_0_2560,,,0.0,0.0,,,,
IDRiD_52_1024_0,,,,,0.0,0.0,,
IDRiD_52_1024_2560,0.0,0.0,0.0,0.0,,,,
IDRiD_52_1024_3072,,,0.0,0.0,,,,
IDRiD_52_1536_2048,,,0.0,0.0,0.0,0.0,,
IDRiD_52_1536_2560,,,0.0,0.0,,,,
IDRiD_52_1536_3072,0.0,0.0,0.0,0.0,,,,
IDRiD_52_2048_2048,0.0,0.0,0.0,0.0,,,,
IDRiD_52_2048_2560,,,0.0,0.0,,,,
IDRiD_52_2048_3072,,,0.0,0.0,,,0.0,0.0
IDRiD_52_512_0,0.0,0.0,,,,,,
IDRiD_52_512_2048,,,0.0,0.0,0.0,0.0,,
IDRiD_52_512_2560,,,0.0,0.0,,,0.0,0.0
IDRiD_52_512_512,0.0,0.0,0.0,0.0,,,,
IDRiD_53_0_1024,0.0,0.0,0.0,0.0,,,,
IDRiD_53_0_1536,,,0.0,0.0,,,,
IDRiD_53_0_2048,,,0.0,0.0,,,,
IDRiD_53_0_2560,,,0.0,0.0,,,,
IDRiD_53_0_3072,,,0.0,0.0,,,,
IDRiD_53_0_512,0.0,0.0,0.0,0.0,,,,
IDRiD_53_1024_1536,,,,,0.0,0.0,,
IDRiD_53_1024_2048,0.0,0.0,0.0,0.0,0.0,0.0,,
IDRiD_53_1024_2560,0.0,0.0,0.0,0.0,,,,
IDRiD_53_1024_3072,0.0,0.0,0.0,0.0,0.0,0.0,,
IDRiD_53_1536_1536,0.0,0.0,,,,,,
IDRiD_53_1536_2048,0.0,0.0,0.0,0.0,0.0,0.0,,
IDRiD_53_1536_2560,0.0,0.0,0.0,0.0,0.0,0.0,,
IDRiD_53_1536_3072,0.0,0.0,0.0,0.0,0.0,0.0,0.0,0.0
IDRiD_53_1536_3584,0.0,0.0,,,,,,
IDRiD_53_1536_512,,,0.0,0.0,,,,
IDRiD_53_2048_1024,0.0,0.0,0.0,0.0,0.0,0.0,,
IDRiD_53_2048_1536,0.0,0.0,0.0,0.0,,,,
IDRiD_53_2048_2048,0.0,0.0,0.0,0.0,0.0,0.0,,
IDRiD_53_2048_2560,0.0,0.0,0.0,0.0,0.0,0.0,,
IDRiD_53_2048_3072,0.0,0.0,0.0,0.0,,,,
IDRiD_53_2048_512,,,0.0,0.0,,,,
IDRiD_53_512_0,,,0.0,0.0,,,,
IDRiD_53_512_1536,,,0.0,0.0,,,,
IDRiD_53_512_2560,0.0,0.0,0.0,0.0,,,,
IDRiD_53_512_3072,,,,,0.0,0.0,,
IDRiD_53_512_512,0.0,0.0,0.0,0.0,,,,
IDRiD_54_0_1536,,,0.0,0.0,,,,
IDRiD_54_0_2048,,,0.0,0.0,,,,
IDRiD_54_0_2560,0.0,0.0,0.0,0.0,0.0,0.0,,
IDRiD_54_0_3072,0.0,0.0,0.0,0.0,,,,
IDRiD_54_1024_0,0.0,0.0,0.0,0.0,,,,
IDRiD_54_1024_1024,,,0.0,0.0,,,,
IDRiD_54_1024_1536,,,0.0,0.0,,,,
IDRiD_54_1024_2048,0.0,0.0,0.0,0.0,0.0,0.0,,
IDRiD_54_1024_2560,0.0,0.0,0.0,0.0,0.0,0.0,,
IDRiD_54_1024_3072,0.0,0.0,0.0,0.0,0.0,0.0,,
IDRiD_54_1024_3584,0.0,0.0,0.0,0.0,,,,
IDRiD_54_1024_512,0.0,0.0,,,,,,
IDRiD_54_1536_0,0.0,0.0,0.0,0.0,,,,
IDRiD_54_1536_1536,,,0.0,0.0,,,,
IDRiD_54_1536_2048,,,0.0,0.0,,,,
IDRiD_54_1536_2560,0.0,0.0,0.0,0.0,0.0,0.0,,
IDRiD_54_1536_512,0.0,0.0,0.0,0.0,,,,
IDRiD_54_2048_0,,,,,,,0.0,0.0
IDRiD_54_2048_1024,,,,,,,0.0,0.0
IDRiD_54_2048_1536,,,0.0,0.0,,,,
IDRiD_54_2048_2048,0.0,0.0,0.0,0.0,,,,
IDRiD_54_2048_2560,0.0,0.0,0.0,0.0,,,,
IDRiD_54_2048_3072,0.0,0.0,0.0,0.0,,,,
IDRiD_54_2048_512,,,,,,,0.0,0.0
IDRiD_54_512_0,0.0,0.0,,,,,,
IDRiD_54_512_1024,,,0.0,0.0,,,,
IDRiD_54_512_1536,,,0.0,0.0,0.0,0.0,,
IDRiD_54_512_2048,,,0.0,0.0,,,,
IDRiD_54_512_2560,0.0,0.0,0.0,0.0,0.0,0.0,,
IDRiD_54_512_3072,0.0,0.0,0.0,0.0,,,,
IDRiD_54_512_512,0.0,0.0,,,,,,
IDRiD_55_0_1024,,,,,0.0,0.0,,
IDRiD_55_0_1536,,,,,0.0,0.0,,
IDRiD_55_0_2048,,,0.0,0.0,0.0,0.0,,
IDRiD_55_1024_1024,,,0.0,0.0,0.0,0.0,,
IDRiD_55_1024_1536,0.0,0.0,0.0,0.0,0.0,0.0,,
IDRiD_55_1024_2048,,,0.0,0.0,0.0,0.0,,
IDRiD_55_1024_2560,,,0.0,0.0,0.0,0.0,,
IDRiD_55_1536_1024,,,0.0,0.0,0.0,0.0,,
IDRiD_55_1536_1536,,,0.0,0.0,0.0,0.0,,
IDRiD_55_1536_2048,0.0,0.0,0.0,0.0,0.0,0.0,0.0,0.0
IDRiD_55_1536_2560,0.0,0.0,0.0,0.0,0.0,0.0,0.0,0.0
IDRiD_55_1536_3072,,,,,0.0,0.0,,
IDRiD_55_1536_512,,,,,0.0,0.0,,
IDRiD_55_2048_1024,,,,,0.0,0.0,,
IDRiD_55_2048_1536,,,0.0,0.0,0.0,0.0,,
IDRiD_55_2048_2048,,,0.0,0.0,0.0,0.0,,
IDRiD_55_2048_2560,,,,,0.0,0.0,,
IDRiD_55_512_1024,0.0,0.0,0.0,0.0,0.0,0.0,,
IDRiD_55_512_1536,0.0,0.0,0.0,0.0,0.0,0.0,,
IDRiD_55_512_2048,0.0,0.0,0.0,0.0,0.0,0.0,,
IDRiD_55_512_2560,,,,,0.0,0.0,,
IDRiD_56_0_1024,,,0.0,0.0,,,,
IDRiD_56_0_1536,,,0.0,0.0,,,,
IDRiD_56_0_2048,0.0,0.0,0.0,0.0,,,,
IDRiD_56_0_2560,0.0,0.0,,,,,,
IDRiD_56_0_3072,0.0,0.0,,,,,0.0,0.0
IDRiD_56_0_512,,,0.0,0.0,,,,
IDRiD_56_1024_0,0.0,0.0,,,,,,
IDRiD_56_1024_1024,,,0.0,0.0,,,,
IDRiD_56_1024_1536,,,0.0,0.0,,,,
IDRiD_56_1024_2048,,,,,0.0,0.0,,
IDRiD_56_1024_2560,0.0,0.0,0.0,0.0,0.0,0.0,,
IDRiD_56_1024_3072,0.0,0.0,0.0,0.0,,,,
IDRiD_56_1536_1024,0.0,0.0,,,,,,
IDRiD_56_1536_1536,,,0.0,0.0,,,,
IDRiD_56_1536_2048,0.0,0.0,,,0.0,0.0,,
IDRiD_56_1536_2560,0.0,0.0,0.0,0.0,,,0.0,0.0
IDRiD_56_1536_512,0.0,0.0,,,,,,
IDRiD_56_2048_1024,0.0,0.0,,,0.0,0.0,,
IDRiD_56_2048_1536,,,0.0,0.0,,,,
IDRiD_56_2048_2048,0.0,0.0,0.0,0.0,,,,
IDRiD_56_2048_2560,0.0,0.0,,,,,0.0,0.0
IDRiD_56_2048_3072,,,0.0,0.0,,,,
IDRiD_56_2048_512,0.0,0.0,,,,,,
IDRiD_56_512_1024,0.0,0.0,0.0,0.0,,,,
IDRiD_56_512_1536,,,0.0,0.0,0.0,0.0,,
IDRiD_56_512_2048,,,,,0.0,0.0,,
IDRiD_56_512_2560,0.0,0.0,0.0,0.0,,,,
IDRiD_56_512_3072,0.0,0.0,0.0,0.0,0.0,0.0,0.0,0.0
IDRiD_57_0_1024,,,,,0.0,0.0,,
IDRiD_57_0_1536,0.0,0.0,,,0.0,0.0,,
IDRiD_57_0_2048,,,,,0.0,0.0,,
IDRiD_57_0_512,,,,,0.0,0.0,,
IDRiD_57_1024_0,,,,,0.0,0.0,,
IDRiD_57_1024_1024,,,0.0,0.0,0.02321550977119258,0.27619633789388837,,
IDRiD_57_1024_1536,,,0.0,0.0,0.0,0.0,,
IDRiD_57_1024_2048,,,,,0.0,0.0,,
IDRiD_57_1024_512,,,,,0.019224503095408196,0.08613138685879909,,
IDRiD_57_1536_0,0.0,0.0,,,0.0,0.0,,
IDRiD_57_1536_1024,,,,,0.0,0.0,,
IDRiD_57_1536_1536,,,,,0.0,0.0,,
IDRiD_57_1536_2048,,,,,0.0,0.0,,
IDRiD_57_1536_512,,,0.0,0.0,0.0,0.0,,
IDRiD_57_2048_1024,,,,,0.0,0.0,,
IDRiD_57_2048_1536,,,,,0.0,0.0,,
IDRiD_57_2048_512,,,0.0,0.0,0.0,0.0,,
IDRiD_57_512_0,,,,,0.0,0.0,,
IDRiD_57_512_1024,,,0.0,0.0,0.0056700971522711105,0.7089337174770989,,
IDRiD_57_512_1536,0.0,0.0,,,0.007897370247822456,0.9999999997716894,,
IDRiD_57_512_512,,,0.0,0.0,0.0,0.0,,
IDRiD_58_0_1536,0.0,0.0,0.0,0.0,,,,
IDRiD_58_0_2048,,,0.0,0.0,0.0,0.0,,
IDRiD_58_0_2560,,,0.0,0.0,0.0,0.0,,
IDRiD_58_0_3072,,,0.0,0.0,,,,
IDRiD_58_0_512,,,0.0,0.0,,,,
IDRiD_58_1024_0,,,,,0.0,0.0,,
IDRiD_58_1024_1024,,,0.0,0.0,,,,
IDRiD_58_1024_1536,0.0,0.0,0.0,0.0,0.0,0.0,,
IDRiD_58_1024_2048,,,,,0.0,0.0,,
IDRiD_58_1024_2560,0.0,0.0,0.0,0.0,0.0,0.0,,
IDRiD_58_1024_3584,,,,,0.0,0.0,,
IDRiD_58_1536_0,,,,,0.0,0.0,,
IDRiD_58_1536_1536,0.0,0.0,,,,,,
IDRiD_58_1536_2048,0.0,0.0,,,0.0,0.0,,
IDRiD_58_1536_2560,0.0,0.0,0.0,0.0,,,,
IDRiD_58_1536_3072,0.0,0.0,,,,,,
IDRiD_58_1536_512,,,0.0,0.0,0.0,0.0,,
IDRiD_58_2048_1024,,,,,0.0,0.0,,
IDRiD_58_2048_1536,0.0,0.0,,,,,,
IDRiD_58_2048_2048,,,0.0,0.0,,,,
IDRiD_58_2048_2560,0.0,0.0,,,,,,
IDRiD_58_2048_3072,0.0,0.0,,,0.0,0.0,,
IDRiD_58_512_1024,0.0,0.0,,,,,,
IDRiD_58_512_1536,0.0,0.0,0.0,0.0,0.0,0.0,,
IDRiD_58_512_2048,,,,,0.0,0.0,,
IDRiD_58_512_2560,0.0,0.0,0.0,0.0,0.0,0.0,,
IDRiD_58_512_3072,,,0.0,0.0,0.0,0.0,,
IDRiD_58_512_512,0.0,0.0,,,,,,
IDRiD_59_0_1024,,,0.0,0.0,,,,
IDRiD_59_0_1536,0.0,0.0,0.0,0.0,0.0,0.0,0.0,0.0
IDRiD_59_0_2048,,,,,,,0.0,0.0
IDRiD_59_1024_1024,0.0,0.0,0.0,0.0,0.0,0.0,0.0,0.0
IDRiD_59_1024_1536,,,0.0,0.0,0.0,0.0,,
IDRiD_59_1024_2048,0.0,0.0,,,0.0,0.0,,
IDRiD_59_1024_512,0.0,0.0,0.0,0.0,,,,
IDRiD_59_1536_0,,,0.0,0.0,,,,
IDRiD_59_1536_1024,0.0,0.0,,,0.0,0.0,,
IDRiD_59_1536_1536,,,0.0,0.0,0.0,0.0,,
IDRiD_59_1536_2048,0.0,0.0,0.0,0.0,0.0,0.0,,
IDRiD_59_1536_2560,,,,,0.0,0.0,,
IDRiD_59_1536_3072,,,,,0.0,0.0,,
IDRiD_59_1536_512,0.0,0.0,0.0,0.0,,,,
IDRiD_59_2048_1024,0.0,0.0,,,,,,
IDRiD_59_2048_1536,,,0.0,0.0,,,,
IDRiD_59_2048_2048,0.0,0.0,0.0,0.0,,,0.0,0.0
IDRiD_59_2048_2560,,,,,0.0,0.0,0.0,0.0
IDRiD_59_2048_3072,,,,,0.0,0.0,,
IDRiD_59_2048_512,,,0.0,0.0,,,,
IDRiD_59_512_1024,0.0,0.0,0.0,0.0,0.0,0.0,0.0,0.0
IDRiD_59_512_1536,0.0,0.0,0.0,0.0,0.0,0.0,0.0,0.0
IDRiD_59_512_512,0.0,0.0,0.0,0.0,,,0.0,0.0
IDRiD_60_0_1536,,,0.0,0.0,,,,
IDRiD_60_0_512,,,,,,,0.0,0.0
IDRiD_60_1024_0,,,,,0.0,0.0,,
IDRiD_60_1024_1024,,,,,0.0,0.0,,
IDRiD_60_1024_1536,0.0,0.0,0.0,0.0,0.0,0.0,,
IDRiD_60_1024_2048,0.0,0.0,0.0,0.0,0.0,0.0,0.0,0.0
IDRiD_60_1024_2560,0.0,0.0,0.0,0.0,0.0,0.0,0.0,0.0
IDRiD_60_1024_3072,,,,,0.0,0.0,,
IDRiD_60_1536_1024,,,0.0,0.0,0.0,0.0,,
IDRiD_60_1536_1536,0.0,0.0,,,0.0,0.0,,
IDRiD_60_1536_2048,,,0.0,0.0,0.0,0.0,,
IDRiD_60_1536_2560,0.0,0.0,0.0,0.0,0.0,0.0,,
IDRiD_60_1536_3072,,,0.0,0.0,,,,
IDRiD_60_1536_512,,,,,0.0,0.0,,
IDRiD_60_2048_0,,,,,0.0,0.0,,
IDRiD_60_2048_1024,0.0,0.0,,,0.0,0.0,,
IDRiD_60_2048_1536,,,0.0,0.0,,,,
IDRiD_60_2048_2048,,,0.0,0.0,0.0,0.0,0.0,0.0
IDRiD_60_2048_2560,0.0,0.0,0.0,0.0,0.0,0.0,0.0,0.0
IDRiD_60_2048_512,0.0,0.0,0.0,0.0,0.0,0.0,,
IDRiD_60_512_0,,,,,0.0,0.0,,
IDRiD_60_512_1024,,,0.0,0.0,,,,
IDRiD_60_512_1536,,,0.0,0.0,0.0,0.0,,
IDRiD_60_512_2048,0.0,0.0,0.0,0.0,,,0.0,0.0
IDRiD_60_512_2560,0.0,0.0,,,0.0,0.0,0.0,0.0
IDRiD_60_512_3072,,,,,,,0.0,0.0
IDRiD_61_0_1024,0.0,0.0,,,,,,
IDRiD_61_0_1536,0.0,0.0,0.0,0.0,,,,
IDRiD_61_0_2048,0.0,0.0,0.0,0.0,,,,
IDRiD_61_0_2560,,,0.0,0.0,,,,
IDRiD_61_0_512,0.0,0.0,,,,,,
IDRiD_61_1024_0,0.0,0.0,0.0,0.0,,,,
IDRiD_61_1024_1024,0.0,0.0,0.0,0.0,0.0,0.0,,
IDRiD_61_1024_1536,0.0,0.0,0.0,0.0,0.0,0.0,,
IDRiD_61_1024_2048,0.0,0.0,0.0,0.0,0.0,0.0,,
IDRiD_61_1024_2560,0.0,0.0,0.0,0.0,,,,
IDRiD_61_1024_3072,0.0,0.0,0.0,0.0,,,,
IDRiD_61_1536_0,0.0,0.0,,,,,,
IDRiD_61_1536_1024,0.0,0.0,,,0.0,0.0,,
IDRiD_61_1536_1536,0.0,0.0,0.0,0.0,0.0,0.0,,
IDRiD_61_1536_2048,0.0,0.0,0.0,0.0,0.0,0.0,,
IDRiD_61_1536_2560,0.0,0.0,0.0,0.0,,,,
IDRiD_61_1536_512,0.0,0.0,0.0,0.0,,,,
IDRiD_61_2048_1024,0.0,0.0,,,,,,
IDRiD_61_2048_1536,0.0,0.0,,,,,,
IDRiD_61_2048_2048,0.0,0.0,,,,,,
IDRiD_61_2048_2560,0.0,0.0,0.0,0.0,,,,
IDRiD_61_2048_512,0.0,0.0,,,,,,
IDRiD_61_512_0,0.0,0.0,,,,,,
IDRiD_61_512_1024,0.0,0.0,,,0.0,0.0,,
IDRiD_61_512_1536,0.0,0.0,0.0,0.0,0.0,0.0,,
IDRiD_61_512_2048,0.0,0.0,0.0,0.0,0.0,0.0,,
IDRiD_61_512_2560,0.0,0.0,0.0,0.0,,,,
IDRiD_61_512_3072,0.0,0.0,,,,,,
IDRiD_61_512_512,0.0,0.0,,,,,,
IDRiD_62_0_1024,0.0,0.0,0.0,0.0,0.0,0.0,,
IDRiD_62_0_1536,,,,,0.0,0.0,,
IDRiD_62_0_512,0.0,0.0,,,0.0,0.0,,
IDRiD_62_1024_0,,,0.0,0.0,,,,
IDRiD_62_1024_2048,,,0.0,0.0,,,,
IDRiD_62_1024_2560,,,,,0.0,0.0,,
IDRiD_62_1024_3072,0.0,0.0,0.0,0.0,,,,
IDRiD_62_1536_0,,,0.0,0.0,,,,
IDRiD_62_1536_1024,,,0.0,0.0,,,,
IDRiD_62_1536_2560,,,,,0.0,0.0,,
IDRiD_62_1536_3072,,,0.0,0.0,,,,
IDRiD_62_2048_2048,,,,,0.0,0.0,,
IDRiD_62_2048_2560,,,,,0.0,0.0,,
IDRiD_62_2048_512,,,,,0.0,0.0,,
IDRiD_62_512_1536,,,0.0,0.0,0.0,0.0,,
IDRiD_62_512_512,,,,,0.0,0.0,,
IDRiD_63_0_1024,,,,,0.0,0.0,,
IDRiD_63_0_1536,,,,,0.0,0.0,,
IDRiD_63_0_2560,0.0,0.0,0.0,0.0,,,,
IDRiD_63_0_3072,,,0.0,0.0,,,,
IDRiD_63_1024_1024,,,,,0.0,0.0,,
IDRiD_63_1024_1536,,,,,0.0,0.0,,
IDRiD_63_1024_3072,0.0,0.0,,,,,,
IDRiD_63_1024_3584,0.0,0.0,,,,,,
IDRiD_63_1024_512,0.0,0.0,,,,,,
IDRiD_63_1536_1536,,,0.0,0.0,0.0,0.0,,
IDRiD_63_1536_2048,,,,,0.0,0.0,,
IDRiD_63_1536_2560,,,,,0.0,0.0,,
IDRiD_63_1536_3072,,,,,0.0,0.0,,
IDRiD_63_1536_512,0.0,0.0,,,,,,
IDRiD_63_2048_1536,,,,,0.0,0.0,,
IDRiD_63_2048_2048,,,,,0.0,0.0,,
IDRiD_63_512_1024,,,,,0.0,0.0,,
IDRiD_63_512_1536,,,,,0.0,0.0,,
IDRiD_64_0_1024,,,0.0,0.0,0.0,0.0,0.0,0.0
IDRiD_64_0_1536,0.0,0.0,0.0,0.0,0.0,0.0,,
IDRiD_64_0_2048,0.0,0.0,,,0.0,0.0,,
IDRiD_64_0_2560,,,,,0.0,0.0,,
IDRiD_64_0_3072,,,,,0.0,0.0,,
IDRiD_64_0_512,,,0.0,0.0,0.0,0.0,,
IDRiD_64_1024_1536,,,0.0,0.0,0.0,0.0,,
IDRiD_64_1024_2048,,,0.0,0.0,0.0,0.0,,
IDRiD_64_1024_2560,,,0.0,0.0,0.0,0.0,,
IDRiD_64_1024_3072,,,0.0,0.0,0.0,0.0,,
IDRiD_64_1536_0,,,0.0,0.0,,,,
IDRiD_64_1536_2048,0.0,0.0,0.0,0.0,0.0,0.0,,
IDRiD_64_1536_2560,0.0,0.0,,,0.0,0.0,,
IDRiD_64_1536_3072,,,0.0,0.0,0.0,0.0,,
IDRiD_64_2048_1536,,,0.0,0.0,0.0,0.0,,
IDRiD_64_2048_2560,0.0,0.0,0.0,0.0,0.0,0.0,0.0,0.0
IDRiD_64_2048_3072,0.0,0.0,0.0,0.0,0.0,0.0,,
IDRiD_64_512_1024,,,0.0,0.0,,,,
IDRiD_64_512_1536,,,,,0.0,0.0,,
IDRiD_64_512_2048,,,0.0,0.0,0.0,0.0,,
IDRiD_64_512_2560,,,0.0,0.0,0.0,0.0,,
IDRiD_64_512_3072,,,0.0,0.0,0.0,0.0,,
IDRiD_65_0_1024,,,0.0,0.0,0.0,0.0,,
IDRiD_65_0_1536,,,0.0,0.0,,,,
IDRiD_65_0_2048,0.0,0.0,0.0,0.0,0.0,0.0,,
IDRiD_65_0_2560,0.0,0.0,0.0,0.0,0.0,0.0,,
IDRiD_65_0_3072,0.0,0.0,0.0,0.0,0.0,0.0,,
IDRiD_65_0_3584,0.0,0.0,0.0,0.0,,,,
IDRiD_65_0_512,,,0.0,0.0,0.0,0.0,,
IDRiD_65_1024_1024,,,0.0,0.0,0.0,0.0,,
IDRiD_65_1024_1536,0.0,0.0,0.0,0.0,0.0,0.0,,
IDRiD_65_1024_2048,0.0,0.0,0.0,0.0,0.0,0.0,,
IDRiD_65_1024_2560,0.0,0.0,0.0,0.0,0.0,0.0,,
IDRiD_65_1024_3072,0.0,0.0,0.0,0.0,0.0,0.0,,
IDRiD_65_1024_3584,0.0,0.0,0.0,0.0,,,,
IDRiD_65_1536_1024,,,0.0,0.0,0.0,0.0,,
IDRiD_65_1536_1536,,,0.0,0.0,0.0,0.0,,
IDRiD_65_1536_2048,0.0,0.0,0.0,0.0,0.0,0.0,,
IDRiD_65_1536_2560,,,0.0,0.0,0.0,0.0,,
IDRiD_65_1536_3072,0.0,0.0,0.0,0.0,0.0,0.0,,
IDRiD_65_1536_3584,0.0,0.0,0.0,0.0,,,,
IDRiD_65_1536_512,,,,,0.0,0.0,,
IDRiD_65_2048_1536,,,0.0,0.0,,,,
IDRiD_65_2048_2048,,,,,0.0,0.0,,
IDRiD_65_2048_2560,0.0,0.0,,,,,,
IDRiD_65_2048_3072,,,0.0,0.0,0.0,0.0,,
IDRiD_65_512_1024,,,0.0,0.0,,,,
IDRiD_65_512_1536,,,,,0.0,0.0,,
IDRiD_65_512_2048,0.0,0.0,,,0.0,0.0,,
IDRiD_65_512_2560,0.0,0.0,0.0,0.0,0.0,0.0,,
IDRiD_65_512_3072,,,0.0,0.0,0.0,0.0,,
IDRiD_65_512_3584,0.0,0.0,0.0,0.0,,,,
IDRiD_66_0_1024,,,0.0,0.0,0.0,0.0,,
IDRiD_66_0_1536,,,0.0,0.0,0.0,0.0,,
IDRiD_66_0_2048,,,0.0,0.0,0.0,0.0,,
IDRiD_66_0_2560,,,,,0.0,0.0,,
IDRiD_66_0_512,,,0.0,0.0,,,,
IDRiD_66_1024_0,,,,,0.0,0.0,,
IDRiD_66_1024_1024,,,0.0,0.0,0.0,0.0,,
IDRiD_66_1024_1536,0.0,0.0,0.0,0.0,0.0,0.0,,
IDRiD_66_1024_2048,,,0.0,0.0,0.0,0.0,,
IDRiD_66_1024_2560,,,,,0.0,0.0,,
IDRiD_66_1024_512,0.0,0.0,0.0,0.0,0.0,0.0,,
IDRiD_66_1536_1024,0.0,0.0,0.0,0.0,0.0,0.0,,
IDRiD_66_1536_1536,,,0.0,0.0,0.0,0.0,,
IDRiD_66_1536_2048,,,,,0.0,0.0,,
IDRiD_66_1536_2560,,,0.0,0.0,0.0,0.0,,
IDRiD_66_1536_512,,,,,0.0,0.0,,
IDRiD_66_2048_1024,,,,,0.0,0.0,,
IDRiD_66_2048_1536,,,,,0.0,0.0,,
IDRiD_66_2048_512,,,,,0.0,0.0,,
IDRiD_66_512_0,,,,,0.0,0.0,,
IDRiD_66_512_1024,0.0,0.0,0.0,0.0,0.0,0.0,,
IDRiD_66_512_1536,,,0.0,0.0,0.0,0.0,,
IDRiD_66_512_2048,,,0.0,0.0,0.0,0.0,,
IDRiD_66_512_2560,,,,,0.0,0.0,,
IDRiD_66_512_512,,,,,0.0,0.0,,
IDRiD_67_0_1024,0.0,0.0,0.0,0.0,0.0,0.0,,
IDRiD_67_0_1536,0.0,0.0,0.0,0.0,0.0,0.0,0.0,0.0
IDRiD_67_0_2048,0.0,0.0,0.0,0.0,,,,
IDRiD_67_0_512,,,0.0,0.0,,,,
IDRiD_67_1024_1024,0.0,0.0,0.0,0.0,,,,
IDRiD_67_1024_1536,0.0,0.0,,,0.0,0.0,,
IDRiD_67_1024_2048,0.0,0.0,0.0,0.0,,,,
IDRiD_67_1024_2560,,,0.0,0.0,0.0,0.0,,
IDRiD_67_1024_512,0.0,0.0,0.0,0.0,,,,
IDRiD_67_1536_1024,0.0,0.0,,,0.0,0.0,,
IDRiD_67_1536_1536,0.0,0.0,0.0,0.0,0.0,0.0,,
IDRiD_67_1536_2048,0.0,0.0,0.0,0.0,0.0,0.0,,
IDRiD_67_1536_2560,0.0,0.0,,,0.0,0.0,,
IDRiD_67_1536_512,0.0,0.0,0.0,0.0,,,,
IDRiD_67_2048_1024,0.0,0.0,0.0,0.0,0.0,0.0,,
IDRiD_67_2048_1536,0.0,0.0,,,0.0,0.0,,
IDRiD_67_2048_2048,0.0,0.0,0.0,0.0,,,,
IDRiD_67_2048_2560,0.0,0.0,,,,,,
IDRiD_67_2048_512,0.0,0.0,,,,,,
IDRiD_67_512_1024,0.0,0.0,0.0,0.0,0.0,0.0,,
IDRiD_67_512_1536,0.0,0.0,0.0,0.0,0.0,0.0,,
IDRiD_67_512_2048,0.0,0.0,0.0,0.0,,,,
IDRiD_67_512_2560,,,0.0,0.0,,,,
IDRiD_67_512_512,0.0,0.0,0.0,0.0,0.0,0.0,,
IDRiD_68_0_1536,,,0.0,0.0,,,,
IDRiD_68_0_2560,0.0,0.0,,,,,,
IDRiD_68_1024_0,0.0,0.0,,,,,,
IDRiD_68_1024_1536,0.0,0.0,0.0,0.0,,,,
IDRiD_68_1024_2048,0.0,0.0,0.0,0.0,0.0,0.0,,
IDRiD_68_1024_2560,0.0,0.0,,,0.0,0.0,,
IDRiD_68_1024_3072,0.0,0.0,0.0,0.0,,,,
IDRiD_68_1024_512,0.0,0.0,,,,,,
IDRiD_68_1536_0,0.0,0.0,,,,,,
IDRiD_68_1536_1536,0.0,0.0,,,,,,
IDRiD_68_1536_2048,0.0,0.0,,,,,,
IDRiD_68_1536_2560,0.0,0.0,,,0.0,0.0,,
IDRiD_68_1536_3072,0.0,0.0,,,,,,
IDRiD_68_1536_512,0.0,0.0,,,,,,
IDRiD_68_2048_0,0.0,0.0,,,,,,
IDRiD_68_2048_1536,,,0.0,0.0,0.0,0.0,,
IDRiD_68_2048_2048,0.0,0.0,0.0,0.0,0.0,0.0,,
IDRiD_68_2048_2560,,,,,0.0,0.0,0.0,0.0
IDRiD_68_2048_512,0.0,0.0,,,,,,
IDRiD_68_512_1536,,,0.0,0.0,,,,
IDRiD_68_512_2048,0.0,0.0,0.0,0.0,0.0,0.0,0.0,0.0
IDRiD_68_512_2560,0.0,0.0,0.0,0.0,0.0,0.0,,
IDRiD_68_512_3072,0.0,0.0,0.0,0.0,,,,
IDRiD_69_0_1024,0.0,0.0,,,,,,
IDRiD_69_0_1536,0.0,0.0,,,,,,
IDRiD_69_0_2048,0.0,0.0,0.0,0.0,0.0,0.0,,
IDRiD_69_0_2560,0.0,0.0,0.0,0.0,0.0,0.0,,
IDRiD_69_0_3072,0.0,0.0,,,,,,
IDRiD_69_0_512,0.0,0.0,0.0,0.0,,,,
IDRiD_69_1024_1024,,,0.0,0.0,0.0,0.0,,
IDRiD_69_1024_1536,0.0,0.0,0.0,0.0,0.0,0.0,,
IDRiD_69_1024_2048,0.0,0.0,0.0,0.0,0.0,0.0,,
IDRiD_69_1024_2560,0.0,0.0,0.0,0.0,0.0,0.0,,
IDRiD_69_1024_3072,0.0,0.0,,,0.0,0.0,,
IDRiD_69_1536_0,0.0,0.0,0.0,0.0,,,,
IDRiD_69_1536_1536,,,0.0,0.0,0.0,0.0,,
IDRiD_69_1536_2048,0.0,0.0,0.0,0.0,0.0,0.0,,
IDRiD_69_1536_2560,0.0,0.0,,,,,,
IDRiD_69_1536_3072,,,0.0,0.0,,,,
IDRiD_69_2048_1024,0.0,0.0,,,,,,
IDRiD_69_2048_1536,0.0,0.0,,,0.0,0.0,,
IDRiD_69_2048_2048,0.0,0.0,0.0,0.0,0.0,0.0,,
IDRiD_69_2048_2560,,,0.0,0.0,,,,
IDRiD_69_2048_3072,,,0.0,0.0,,,,
IDRiD_69_512_1024,0.0,0.0,0.0,0.0,0.0,0.0,,
IDRiD_69_512_1536,0.0,0.0,0.0,0.0,0.0,0.0,,
IDRiD_69_512_2048,0.0,0.0,0.0,0.0,0.0,0.0,,
IDRiD_69_512_2560,0.0,0.0,0.0,0.0,0.0,0.0,,
IDRiD_69_512_3072,0.0,0.0,,,0.0,0.0,,
IDRiD_69_512_512,,,0.0,0.0,,,,
IDRiD_70_0_1536,0.0,0.0,,,0.0,0.0,,
IDRiD_70_1024_1024,0.0,0.0,0.0,0.0,0.0,0.0,0.0,0.0
IDRiD_70_1024_1536,0.0,0.0,0.0,0.0,0.0,0.0,,
IDRiD_70_1024_2048,0.0,0.0,0.0,0.0,0.0,0.0,,
IDRiD_70_1024_512,0.0,0.0,0.0,0.0,,,0.0,0.0
IDRiD_70_1536_0,,,0.0,0.0,,,,
IDRiD_70_1536_1024,0.0,0.0,,,0.0,0.0,,
IDRiD_70_1536_1536,0.0,0.0,0.0,0.0,,,,
IDRiD_70_1536_2048,0.0,0.0,0.0,0.0,0.0,0.0,,
IDRiD_70_1536_512,,,0.0,0.0,,,,
IDRiD_70_2048_512,,,0.0,0.0,,,,
IDRiD_70_512_0,0.0,0.0,,,,,,
IDRiD_70_512_1024,,,0.0,0.0,,,,
IDRiD_70_512_1536,0.0,0.0,0.0,0.0,0.0,0.0,,
IDRiD_70_512_2048,,,,,0.0,0.0,,
IDRiD_70_512_512,0.0,0.0,0.0,0.0,,,0.0,0.0
IDRiD_71_0_1024,0.0,0.0,0.0,0.0,0.0,0.0,,
IDRiD_71_0_1536,,,0.0,0.0,,,,
IDRiD_71_0_2048,,,0.0,0.0,0.0,0.0,,
IDRiD_71_0_2560,0.0,0.0,,,,,,
IDRiD_71_0_512,,,0.0,0.0,0.0,0.0,,
IDRiD_71_1024_0,0.0,0.0,0.0,0.0,0.0,0.0,,
IDRiD_71_1024_1024,0.0,0.0,0.0,0.0,0.0,0.0,0.0,0.0
IDRiD_71_1024_1536,,,0.0,0.0,0.0,0.0,,
IDRiD_71_1024_2048,,,0.0,0.0,0.0,0.0,,
IDRiD_71_1024_512,,,0.0,0.0,0.0,0.0,0.0,0.0
IDRiD_71_1536_0,0.0,0.0,,,0.0,0.0,,
IDRiD_71_1536_1024,0.0,0.0,0.0,0.0,0.0,0.0,,
IDRiD_71_1536_1536,,,0.0,0.0,0.0,0.0,,
IDRiD_71_1536_2048,,,0.0,0.0,0.0,0.0,,
IDRiD_71_1536_2560,,,,,0.0,0.0,,
IDRiD_71_1536_3072,,,0.0,0.0,,,,
IDRiD_71_1536_512,0.0,0.0,0.0,0.0,0.0,0.0,,
IDRiD_71_2048_0,,,,,0.0,0.0,,
IDRiD_71_2048_1024,0.0,0.0,0.0,0.0,0.0,0.0,,
IDRiD_71_2048_1536,,,,,0.0,0.0,,
IDRiD_71_2048_2048,,,0.0,0.0,0.0,0.0,,
IDRiD_71_2048_3072,0.0,0.0,,,,,,
IDRiD_71_2048_512,0.0,0.0,0.0,0.0,0.0,0.0,,
IDRiD_71_512_0,,,,,0.0,0.0,,
IDRiD_71_512_1024,0.0,0.0,0.0,0.0,0.0,0.0,,
IDRiD_71_512_1536,0.0,0.0,0.0,0.0,0.0,0.0,,
IDRiD_71_512_2048,0.0,0.0,0.0,0.0,0.0,0.0,,
IDRiD_71_512_512,0.0,0.0,0.0,0.0,0.0,0.0,0.0,0.0
IDRiD_72_0_1024,,,0.0,0.0,,,,
IDRiD_72_0_1536,,,0.0,0.0,0.0,0.0,,
IDRiD_72_0_2048,0.0,0.0,0.0,0.0,0.0,0.0,,
IDRiD_72_0_2560,,,0.0,0.0,0.0,0.0,0.0,0.0
IDRiD_72_0_3072,,,0.0,0.0,0.0,0.0,,
IDRiD_72_0_512,,,0.0,0.0,,,,
IDRiD_72_1024_0,,,,,0.0,0.0,,
IDRiD_72_1024_2048,0.0,0.0,,,0.0,0.0,,
IDRiD_72_1024_2560,0.0,0.0,,,0.0,0.0,,
IDRiD_72_1024_3072,0.0,0.0,0.0,0.0,0.0,0.0,,
IDRiD_72_1024_512,,,,,0.0,0.0,,
IDRiD_72_1536_1024,,,0.0,0.0,0.0,0.0,,
IDRiD_72_1536_1536,,,0.0,0.0,0.0,0.0,,
IDRiD_72_1536_2048,,,0.0,0.0,0.0,0.0,,
IDRiD_72_1536_2560,,,,,0.0,0.0,,
IDRiD_72_1536_3072,0.0,0.0,0.0,0.0,0.0,0.0,,
IDRiD_72_2048_1024,,,,,0.0,0.0,,
IDRiD_72_2048_1536,0.0,0.0,,,0.0,0.0,,
IDRiD_72_2048_2048,0.0,0.0,0.0,0.0,,,,
IDRiD_72_2048_2560,,,0.0,0.0,0.0,0.0,,
IDRiD_72_2048_3072,,,0.0,0.0,0.0,0.0,,
IDRiD_72_512_0,,,,,0.0,0.0,,
IDRiD_72_512_1536,,,,,0.0,0.0,,
IDRiD_72_512_2048,0.0,0.0,0.0,0.0,0.0,0.0,,
IDRiD_72_512_2560,,,0.0,0.0,0.0,0.0,,
IDRiD_72_512_3072,,,,,0.0,0.0,,
IDRiD_72_512_512,,,0.0,0.0,0.0,0.0,,
IDRiD_73_0_1024,,,0.0,0.0,,,,
IDRiD_73_0_1536,,,0.0,0.0,0.0,0.0,,
IDRiD_73_1024_1024,,,0.0,0.0,,,,
IDRiD_73_1024_1536,,,0.0,0.0,0.0,0.0,,
IDRiD_73_1024_2048,,,0.0,0.0,0.0,0.0,,
IDRiD_73_1024_2560,,,0.0,0.0,,,,
IDRiD_73_1536_1024,0.0,0.0,0.0,0.0,0.0,0.0,0.0,0.0
IDRiD_73_1536_1536,0.0,0.0,0.0,0.0,0.0,0.0,,
IDRiD_73_1536_2048,,,0.0,0.0,0.0,0.0,,
IDRiD_73_1536_2560,,,0.0,0.0,,,,
IDRiD_73_1536_3072,0.0,0.0,,,,,,
IDRiD_73_1536_512,0.0,0.0,,,,,,
IDRiD_73_2048_1024,,,,,,,0.0,0.0
IDRiD_73_2048_1536,,,0.0,0.0,,,,
IDRiD_73_2048_2048,0.0,0.0,0.0,0.0,,,,
IDRiD_73_2048_2560,0.0,0.0,0.0,0.0,,,0.0,0.0
IDRiD_73_2048_3072,0.0,0.0,0.0,0.0,,,,
IDRiD_73_512_1024,,,0.0,0.0,,,,
IDRiD_73_512_1536,0.0,0.0,0.0,0.0,0.0,0.0,,
IDRiD_73_512_2048,0.0,0.0,0.0,0.0,0.0,0.0,,
IDRiD_73_512_2560,0.0,0.0,,,,,,
IDRiD_74_0_2048,0.0,0.0,0.0,0.0,0.0,0.0,,
IDRiD_74_0_2560,,,0.0,0.0,0.0,0.0,,
IDRiD_74_0_3072,,,0.0,0.0,,,,
IDRiD_74_0_512,,,0.0,0.0,,,,
IDRiD_74_1024_1024,,,0.0,0.0,,,,
IDRiD_74_1024_1536,,,0.0,0.0,,,0.0,0.0
IDRiD_74_1024_2048,0.0,0.0,0.0,0.0,0.0,0.0,0.0,0.0
IDRiD_74_1024_2560,0.0,0.0,0.0,0.0,0.0,0.0,,
IDRiD_74_1024_3072,0.0,0.0,0.0,0.0,0.0,0.0,,
IDRiD_74_1536_0,,,0.0,0.0,,,,
IDRiD_74_1536_1024,,,0.0,0.0,,,,
IDRiD_74_1536_2048,,,0.0,0.0,0.0,0.0,,
IDRiD_74_1536_2560,0.0,0.0,0.0,0.0,0.0,0.0,,
IDRiD_74_1536_3072,0.0,0.0,0.0,0.0,0.0,0.0,,
IDRiD_74_2048_1536,0.0,0.0,0.0,0.0,,,,
IDRiD_74_2048_2048,0.0,0.0,0.0,0.0,,,,
IDRiD_74_2048_2560,0.0,0.0,0.0,0.0,0.0,0.0,,
IDRiD_74_2048_3072,0.0,0.0,0.0,0.0,,,,
IDRiD_74_2048_512,,,0.0,0.0,,,,
IDRiD_74_512_1024,,,0.0,0.0,,,,
IDRiD_74_512_1536,,,0.0,0.0,,,,
IDRiD_74_512_2048,0.0,0.0,0.0,0.0,0.0,0.0,,
IDRiD_74_512_2560,0.0,0.0,0.0,0.0,0.0,0.0,,
IDRiD_74_512_3072,,,0.0,0.0,,,,
IDRiD_74_512_512,,,0.0,0.0,,,,
IDRiD_75_0_1024,0.0,0.0,0.0,0.0,,,,
IDRiD_75_0_1536,0.0,0.0,0.0,0.0,0.0,0.0,,
IDRiD_75_0_2048,0.0,0.0,,,0.0,0.0,,
IDRiD_75_0_2560,0.0,0.0,0.0,0.0,,,,
IDRiD_75_0_512,0.0,0.0,0.0,0.0,,,,
IDRiD_75_1024_0,,,0.0,0.0,0.0,0.0,,
IDRiD_75_1024_1024,0.0,0.0,0.0,0.0,0.0,0.0,,
IDRiD_75_1024_1536,0.0,0.0,0.0,0.0,0.0,0.0,,
IDRiD_75_1024_2048,,,0.0,0.0,0.0,0.0,,
IDRiD_75_1024_512,0.0,0.0,0.0,0.0,,,,
IDRiD_75_1536_0,,,0.0,0.0,,,,
IDRiD_75_1536_1024,0.0,0.0,0.0,0.0,0.0,0.0,,
IDRiD_75_1536_1536,,,0.0,0.0,0.0,0.0,,
IDRiD_75_1536_2048,,,0.0,0.0,0.0,0.0,,
IDRiD_75_1536_2560,0.0,0.0,0.0,0.0,,,,
IDRiD_75_1536_3072,0.0,0.0,,,,,,
IDRiD_75_1536_512,,,0.0,0.0,,,,
IDRiD_75_2048_1024,0.0,0.0,0.0,0.0,0.0,0.0,0.0,0.0
IDRiD_75_2048_1536,0.0,0.0,0.0,0.0,,,,
IDRiD_75_2048_2048,0.0,0.0,0.0,0.0,,,,
IDRiD_75_2048_2560,0.0,0.0,0.0,0.0,,,,
IDRiD_75_2048_3072,0.0,0.0,0.0,0.0,,,,
IDRiD_75_2048_512,0.0,0.0,0.0,0.0,0.0,0.0,0.0,0.0
IDRiD_75_512_0,,,0.0,0.0,,,,
IDRiD_75_512_1024,0.0,0.0,0.0,0.0,0.0,0.0,,
IDRiD_75_512_1536,,,0.0,0.0,0.0,0.0,,
IDRiD_75_512_2048,0.0,0.0,0.0,0.0,0.0,0.0,,
IDRiD_75_512_2560,0.0,0.0,,,,,,
IDRiD_75_512_512,,,0.0,0.0,,,,
IDRiD_76_0_1024,0.0,0.0,0.0,0.0,,,,
IDRiD_76_0_1536,0.0,0.0,0.0,0.0,,,,
IDRiD_76_0_2560,0.0,0.0,0.0,0.0,,,,
IDRiD_76_0_512,0.0,0.0,,,,,,
IDRiD_76_1024_0,,,0.0,0.0,,,,
IDRiD_76_1024_1024,0.0,0.0,0.0,0.0,0.0,0.0,,
IDRiD_76_1024_1536,,,0.0,0.0,0.0,0.0,,
IDRiD_76_1024_2048,0.0,0.0,0.0,0.0,0.0,0.0,,
IDRiD_76_1024_3072,,,0.0,0.0,,,,
IDRiD_76_1024_3584,,,0.0,0.0,,,,
IDRiD_76_1024_512,0.0,0.0,0.0,0.0,0.0,0.0,,
IDRiD_76_1536_0,,,0.0,0.0,,,,
IDRiD_76_1536_1024,,,0.0,0.0,0.0,0.0,,
IDRiD_76_1536_1536,,,0.0,0.0,,,,
IDRiD_76_1536_2048,0.0,0.0,0.0,0.0,,,,
IDRiD_76_1536_2560,0.0,0.0,0.0,0.0,,,,
IDRiD_76_1536_3072,,,,,0.14267811266325373,0.6819407007882019,,
IDRiD_76_1536_512,0.0,0.0,0.0,0.0,0.0,0.0,,
IDRiD_76_2048_1024,,,0.0,0.0,,,,
IDRiD_76_2048_1536,,,0.0,0.0,,,,
IDRiD_76_2048_2560,,,0.0,0.0,0.0,0.0,,
IDRiD_76_2048_3072,,,0.0,0.0,,,,
IDRiD_76_2048_512,0.0,0.0,0.0,0.0,,,,
IDRiD_76_512_0,0.0,0.0,0.0,0.0,,,,
IDRiD_76_512_1024,0.0,0.0,0.0,0.0,0.0,0.0,,
IDRiD_76_512_1536,0.0,0.0,0.0,0.0,,,,
IDRiD_76_512_2048,,,0.0,0.0,,,,
IDRiD_76_512_3072,,,0.0,0.0,,,,
IDRiD_76_512_512,0.0,0.0,0.0,0.0,0.0,0.0,,
IDRiD_77_0_1024,,,0.0,0.0,0.0,0.0,,
IDRiD_77_0_1536,0.0,0.0,0.0,0.0,0.0,0.0,,
IDRiD_77_0_2048,0.0,0.0,,,0.0,0.0,,
IDRiD_77_0_2560,0.0,0.0,0.0,0.0,0.0,0.0,,
IDRiD_77_0_3072,,,0.0,0.0,0.0,0.0,,
IDRiD_77_0_512,,,0.0,0.0,,,,
IDRiD_77_1024_0,,,0.0,0.0,,,,
IDRiD_77_1024_1024,,,0.0,0.0,0.0,0.0,,
IDRiD_77_1024_1536,0.0,0.0,0.0,0.0,0.0,0.0,,
IDRiD_77_1024_2048,0.0,0.0,,,0.0,0.0,,
IDRiD_77_1024_2560,,,,,0.0,0.0,,
IDRiD_77_1024_3072,0.0,0.0,0.0,0.0,0.0,0.0,,
IDRiD_77_1024_3584,,,,,0.0,0.0,,
IDRiD_77_1024_512,,,0.0,0.0,,,,
IDRiD_77_1536_1024,0.0,0.0,0.0,0.0,0.0,0.0,,
IDRiD_77_1536_1536,,,,,0.0,0.0,,
IDRiD_77_1536_2048,,,0.0,0.0,0.0,0.0,,
IDRiD_77_1536_512,0.0,0.0,0.0,0.0,0.0,0.0,,
IDRiD_77_2048_0,,,0.0,0.0,,,,
IDRiD_77_2048_1024,0.0,0.0,0.0,0.0,0.0,0.0,,
IDRiD_77_2048_1536,,,0.0,0.0,0.0,0.0,,
IDRiD_77_2048_2048,,,0.0,0.0,0.0,0.0,,
IDRiD_77_2048_512,,,0.0,0.0,0.0,0.0,,
IDRiD_77_512_1024,,,0.0,0.0,0.0,0.0,,
IDRiD_77_512_1536,0.0,0.0,0.0,0.0,0.0,0.0,,
IDRiD_77_512_2048,,,,,0.0,0.0,,
IDRiD_77_512_2560,0.0,0.0,,,0.0,0.0,,
IDRiD_77_512_3072,,,0.0,0.0,0.0,0.0,,
IDRiD_77_512_512,0.0,0.0,0.0,0.0,,,,
IDRiD_78_0_1024,,,0.0,0.0,,,,
IDRiD_78_0_1536,,,0.0,0.0,,,,
IDRiD_78_0_2048,0.0,0.0,0.0,0.0,0.0,0.0,,
IDRiD_78_0_2560,0.0,0.0,0.0,0.0,0.0,0.0,,
IDRiD_78_0_3072,,,0.0,0.0,0.0,0.0,,
IDRiD_78_0_512,0.0,0.0,,,,,,
IDRiD_78_1024_0,,,0.0,0.0,,,,
IDRiD_78_1024_1024,,,,,0.0,0.0,,
IDRiD_78_1024_1536,,,,,0.0,0.0,,
IDRiD_78_1024_2048,0.0,0.0,0.0,0.0,0.0,0.0,,
IDRiD_78_1024_2560,0.0,0.0,0.0,0.0,0.0,0.0,,
IDRiD_78_1024_3072,,,0.0,0.0,,,,
IDRiD_78_1024_512,,,0.0,0.0,,,,
IDRiD_78_1536_1536,,,0.0,0.0,,,,
IDRiD_78_1536_2048,0.0,0.0,0.0,0.0,0.0,0.0,,
IDRiD_78_1536_2560,0.0,0.0,0.0,0.0,0.0,0.0,,
IDRiD_78_1536_3072,,,0.0,0.0,0.0,0.0,,
IDRiD_78_2048_1024,,,0.0,0.0,,,,
IDRiD_78_2048_2048,,,0.0,0.0,,,,
IDRiD_78_2048_2560,0.0,0.0,0.0,0.0,,,,
IDRiD_78_2048_3072,0.0,0.0,,,0.0,0.0,,
IDRiD_78_2048_512,,,0.0,0.0,0.0,0.0,,
IDRiD_78_512_0,,,0.0,0.0,,,,
IDRiD_78_512_1536,,,0.0,0.0,,,,
IDRiD_78_512_2048,,,0.0,0.0,0.0,0.0,,
IDRiD_78_512_2560,0.0,0.0,0.0,0.0,0.0,0.0,,
IDRiD_78_512_3072,,,,,0.0,0.0,,
IDRiD_78_512_512,,,0.0,0.0,0.0,0.0,,
IDRiD_79_0_1024,,,0.0,0.0,0.0,0.0,,
IDRiD_79_0_1536,0.0,0.0,0.0,0.0,0.0,0.0,,
IDRiD_79_0_2048,0.0,0.0,0.0,0.0,,,,
IDRiD_79_0_2560,0.0,0.0,0.0,0.0,0.0,0.0,,
IDRiD_79_0_512,0.0,0.0,0.0,0.0,,,,
IDRiD_79_1024_0,0.0,0.0,,,,,,
IDRiD_79_1024_1024,0.0,0.0,0.0,0.0,0.0,0.0,,
IDRiD_79_1024_1536,0.0,0.0,,,0.0,0.0,,
IDRiD_79_1024_2048,,,0.0,0.0,0.0,0.0,,
IDRiD_79_1024_2560,0.0,0.0,0.0,0.0,0.0,0.0,,
IDRiD_79_1024_3072,,,,,0.0,0.0,,
IDRiD_79_1536_0,,,,,0.0,0.0,,
IDRiD_79_1536_1024,0.0,0.0,0.0,0.0,0.0,0.0,,
IDRiD_79_1536_1536,0.0,0.0,0.0,0.0,0.0,0.0,,
IDRiD_79_1536_2048,,,0.0,0.0,0.0,0.0,,
IDRiD_79_1536_2560,0.0,0.0,0.0,0.0,0.0,0.0,,
IDRiD_79_1536_3072,0.0,0.0,0.0,0.0,0.0,0.0,,
IDRiD_79_1536_512,,,,,0.0,0.0,,
IDRiD_79_2048_1024,0.0,0.0,0.0,0.0,0.0,0.0,,
IDRiD_79_2048_1536,,,0.0,0.0,0.0,0.0,,
IDRiD_79_2048_2048,0.0,0.0,0.0,0.0,0.0,0.0,,
IDRiD_79_2048_2560,0.0,0.0,,,0.0,0.0,,
IDRiD_79_2048_3072,0.0,0.0,0.0,0.0,0.0,0.0,,
IDRiD_79_2048_512,0.0,0.0,0.0,0.0,0.0,0.0,,
IDRiD_79_512_0,0.0,0.0,,,0.0,0.0,,
IDRiD_79_512_1024,0.0,0.0,0.0,0.0,0.0,0.0,,
IDRiD_79_512_1536,,,0.0,0.0,0.0,0.0,,
IDRiD_79_512_2048,0.0,0.0,0.0,0.0,0.0,0.0,,
IDRiD_79_512_2560,0.0,0.0,0.0,0.0,0.0,0.0,,
IDRiD_79_512_3072,0.0,0.0,0.0,0.0,0.0,0.0,,
IDRiD_79_512_512,,,0.0,0.0,0.0,0.0,,
IDRiD_80_0_2048,0.0,0.0,,,,,,
IDRiD_80_0_2560,,,0.0,0.0,0.0,0.0,,
IDRiD_80_0_3072,,,,,0.0,0.0,,
IDRiD_80_1024_2048,,,,,0.0,0.0,,
IDRiD_80_1024_2560,,,,,0.0,0.0,,
IDRiD_80_1536_1536,,,0.0,0.0,,,,
IDRiD_80_1536_2048,,,,,0.0,0.0,,
IDRiD_80_1536_2560,,,,,0.0,0.0,,
IDRiD_80_1536_3072,,,,,0.0,0.0,,
IDRiD_80_2048_1536,,,,,0.0,0.0,,
IDRiD_80_2048_2048,,,0.0,0.0,,,,
IDRiD_80_2048_3072,,,0.0,0.0,0.0,0.0,,
IDRiD_80_512_2560,,,,,0.0,0.0,,
